run_id,protocol,mode,rate19,loss19,rate20,loss20,rate21,loss21,block_k,repeat_index,sender_returncode,receiver_returncode,transfer_time,received_wire_bytes,receiver_wire_throughput_mbps,application_goodput_mbps,expected_total_bytes,reconstructed_source_bytes,missing_packet_count,packet_loss_rate,recovery_rate,residual_loss_rate,block_success_rate,file_complete,continuity_check,sender_log,receiver_log
1,tcp,single,30mbit,0%,30mbit,0%,30mbit,0%,,1,0,0,32.44,116389364,28.7,28.7,116389364,116389364,,,,,,Yes,continuous,/home/fyp1/Downloads/logs/tcp_single_l19-0%_l20-0%_l21-0%_bk-na_rep-1_sender.log,/home/fyp1/Downloads/logs/tcp_single_l19-0%_l20-0%_l21-0%_bk-na_rep-1_receiver.log
2,tcp,single,30mbit,0%,30mbit,0%,30mbit,0%,,2,0,0,32.44,116389364,28.7,28.7,116389364,116389364,,,,,,Yes,continuous,/home/fyp1/Downloads/logs/tcp_single_l19-0%_l20-0%_l21-0%_bk-na_rep-2_sender.log,/home/fyp1/Downloads/logs/tcp_single_l19-0%_l20-0%_l21-0%_bk-na_rep-2_receiver.log
3,tcp,single,30mbit,0%,30mbit,0%,30mbit,0%,,3,0,0,32.44,116389364,28.7,28.7,116389364,116389364,,,,,,Yes,continuous,/home/fyp1/Downloads/logs/tcp_single_l19-0%_l20-0%_l21-0%_bk-na_rep-3_sender.log,/home/fyp1/Downloads/logs/tcp_single_l19-0%_l20-0%_l21-0%_bk-na_rep-3_receiver.log
4,tcp,multi,10mbit,0%,10mbit,0%,10mbit,0%,,1,0,0,32.43,116389364,28.71,28.71,116389364,116389364,,,,,,Yes,continuous,/home/fyp1/Downloads/logs/tcp_multi_l19-0%_l20-0%_l21-0%_bk-na_rep-1_sender.log,/home/fyp1/Downloads/logs/tcp_multi_l19-0%_l20-0%_l21-0%_bk-na_rep-1_receiver.log
5,tcp,multi,10mbit,0%,10mbit,0%,10mbit,0%,,2,0,0,32.43,116389364,28.71,28.71,116389364,116389364,,,,,,Yes,continuous,/home/fyp1/Downloads/logs/tcp_multi_l19-0%_l20-0%_l21-0%_bk-na_rep-2_sender.log,/home/fyp1/Downloads/logs/tcp_multi_l19-0%_l20-0%_l21-0%_bk-na_rep-2_receiver.log
6,tcp,multi,10mbit,0%,10mbit,0%,10mbit,0%,,3,0,0,32.43,116389364,28.71,28.71,116389364,116389364,,,,,,Yes,continuous,/home/fyp1/Downloads/logs/tcp_multi_l19-0%_l20-0%_l21-0%_bk-na_rep-3_sender.log,/home/fyp1/Downloads/logs/tcp_multi_l19-0%_l20-0%_l21-0%_bk-na_rep-3_receiver.log
7,tcp,single,30mbit,3%,30mbit,3%,30mbit,3%,,1,0,0,69.22,116389364,13.45,13.45,116389364,116389364,,,,,,Yes,continuous,/home/fyp1/Downloads/logs/tcp_single_l19-3%_l20-3%_l21-3%_bk-na_rep-1_sender.log,/home/fyp1/Downloads/logs/tcp_single_l19-3%_l20-3%_l21-3%_bk-na_rep-1_receiver.log
8,tcp,single,30mbit,3%,30mbit,3%,30mbit,3%,,2,0,0,74.22,116389364,12.55,12.55,116389364,116389364,,,,,,Yes,continuous,/home/fyp1/Downloads/logs/tcp_single_l19-3%_l20-3%_l21-3%_bk-na_rep-2_sender.log,/home/fyp1/Downloads/logs/tcp_single_l19-3%_l20-3%_l21-3%_bk-na_rep-2_receiver.log
9,tcp,single,30mbit,3%,30mbit,3%,30mbit,3%,,3,0,0,70.71,116389364,13.17,13.17,116389364,116389364,,,,,,Yes,continuous,/home/fyp1/Downloads/logs/tcp_single_l19-3%_l20-3%_l21-3%_bk-na_rep-3_sender.log,/home/fyp1/Downloads/logs/tcp_single_l19-3%_l20-3%_l21-3%_bk-na_rep-3_receiver.log
10,tcp,multi,10mbit,3%,10mbit,3%,10mbit,3%,,1,0,0,39.16,116389364,23.78,23.78,116389364,116389364,,,,,,Yes,continuous,/home/fyp1/Downloads/logs/tcp_multi_l19-3%_l20-3%_l21-3%_bk-na_rep-1_sender.log,/home/fyp1/Downloads/logs/tcp_multi_l19-3%_l20-3%_l21-3%_bk-na_rep-1_receiver.log
11,tcp,multi,10mbit,3%,10mbit,3%,10mbit,3%,,2,0,0,40.49,116389364,23.0,23.0,116389364,116389364,,,,,,Yes,continuous,/home/fyp1/Downloads/logs/tcp_multi_l19-3%_l20-3%_l21-3%_bk-na_rep-2_sender.log,/home/fyp1/Downloads/logs/tcp_multi_l19-3%_l20-3%_l21-3%_bk-na_rep-2_receiver.log
12,tcp,multi,10mbit,3%,10mbit,3%,10mbit,3%,,3,0,0,41.73,116389364,22.31,22.31,116389364,116389364,,,,,,Yes,continuous,/home/fyp1/Downloads/logs/tcp_multi_l19-3%_l20-3%_l21-3%_bk-na_rep-3_sender.log,/home/fyp1/Downloads/logs/tcp_multi_l19-3%_l20-3%_l21-3%_bk-na_rep-3_receiver.log
13,tcp,single,30mbit,5%,30mbit,5%,30mbit,5%,,1,0,0,197.52,116389364,4.71,4.71,116389364,116389364,,,,,,Yes,continuous,/home/fyp1/Downloads/logs/tcp_single_l19-5%_l20-5%_l21-5%_bk-na_rep-1_sender.log,/home/fyp1/Downloads/logs/tcp_single_l19-5%_l20-5%_l21-5%_bk-na_rep-1_receiver.log
14,tcp,single,30mbit,5%,30mbit,5%,30mbit,5%,,2,0,0,217.27,116389364,4.29,4.29,116389364,116389364,,,,,,Yes,continuous,/home/fyp1/Downloads/logs/tcp_single_l19-5%_l20-5%_l21-5%_bk-na_rep-2_sender.log,/home/fyp1/Downloads/logs/tcp_single_l19-5%_l20-5%_l21-5%_bk-na_rep-2_receiver.log
15,tcp,single,30mbit,5%,30mbit,5%,30mbit,5%,,3,0,0,194.46,116389364,4.79,4.79,116389364,116389364,,,,,,Yes,continuous,/home/fyp1/Downloads/logs/tcp_single_l19-5%_l20-5%_l21-5%_bk-na_rep-3_sender.log,/home/fyp1/Downloads/logs/tcp_single_l19-5%_l20-5%_l21-5%_bk-na_rep-3_receiver.log
16,tcp,multi,10mbit,5%,10mbit,5%,10mbit,5%,,1,0,0,81.25,116389364,11.46,11.46,116389364,116389364,,,,,,Yes,continuous,/home/fyp1/Downloads/logs/tcp_multi_l19-5%_l20-5%_l21-5%_bk-na_rep-1_sender.log,/home/fyp1/Downloads/logs/tcp_multi_l19-5%_l20-5%_l21-5%_bk-na_rep-1_receiver.log
17,tcp,multi,10mbit,5%,10mbit,5%,10mbit,5%,,2,0,0,81.14,116389364,11.48,11.48,116389364,116389364,,,,,,Yes,continuous,/home/fyp1/Downloads/logs/tcp_multi_l19-5%_l20-5%_l21-5%_bk-na_rep-2_sender.log,/home/fyp1/Downloads/logs/tcp_multi_l19-5%_l20-5%_l21-5%_bk-na_rep-2_receiver.log
18,tcp,multi,10mbit,5%,10mbit,5%,10mbit,5%,,3,0,0,78.11,116389364,11.92,11.92,116389364,116389364,,,,,,Yes,continuous,/home/fyp1/Downloads/logs/tcp_multi_l19-5%_l20-5%_l21-5%_bk-na_rep-3_sender.log,/home/fyp1/Downloads/logs/tcp_multi_l19-5%_l20-5%_l21-5%_bk-na_rep-3_receiver.log
19,tcp,single,30mbit,10%,30mbit,10%,30mbit,10%,,1,0,0,1048.89,116389364,0.89,0.89,116389364,116389364,,,,,,Yes,continuous,/home/fyp1/Downloads/logs/tcp_single_l19-10%_l20-10%_l21-10%_bk-na_rep-1_sender.log,/home/fyp1/Downloads/logs/tcp_single_l19-10%_l20-10%_l21-10%_bk-na_rep-1_receiver.log
20,tcp,single,30mbit,10%,30mbit,10%,30mbit,10%,,2,0,0,1054.51,116389364,0.88,0.88,116389364,116389364,,,,,,Yes,continuous,/home/fyp1/Downloads/logs/tcp_single_l19-10%_l20-10%_l21-10%_bk-na_rep-2_sender.log,/home/fyp1/Downloads/logs/tcp_single_l19-10%_l20-10%_l21-10%_bk-na_rep-2_receiver.log
21,tcp,single,30mbit,10%,30mbit,10%,30mbit,10%,,3,0,0,1086.02,116389364,0.86,0.86,116389364,116389364,,,,,,Yes,continuous,/home/fyp1/Downloads/logs/tcp_single_l19-10%_l20-10%_l21-10%_bk-na_rep-3_sender.log,/home/fyp1/Downloads/logs/tcp_single_l19-10%_l20-10%_l21-10%_bk-na_rep-3_receiver.log
22,tcp,multi,10mbit,10%,10mbit,10%,10mbit,10%,,1,0,0,404.81,116389364,2.3,2.3,116389364,116389364,,,,,,Yes,continuous,/home/fyp1/Downloads/logs/tcp_multi_l19-10%_l20-10%_l21-10%_bk-na_rep-1_sender.log,/home/fyp1/Downloads/logs/tcp_multi_l19-10%_l20-10%_l21-10%_bk-na_rep-1_receiver.log
23,tcp,multi,10mbit,10%,10mbit,10%,10mbit,10%,,2,0,0,403.82,116389364,2.31,2.31,116389364,116389364,,,,,,Yes,continuous,/home/fyp1/Downloads/logs/tcp_multi_l19-10%_l20-10%_l21-10%_bk-na_rep-2_sender.log,/home/fyp1/Downloads/logs/tcp_multi_l19-10%_l20-10%_l21-10%_bk-na_rep-2_receiver.log
24,tcp,multi,10mbit,10%,10mbit,10%,10mbit,10%,,3,0,0,392.18,116389364,2.37,2.37,116389364,116389364,,,,,,Yes,continuous,/home/fyp1/Downloads/logs/tcp_multi_l19-10%_l20-10%_l21-10%_bk-na_rep-3_sender.log,/home/fyp1/Downloads/logs/tcp_multi_l19-10%_l20-10%_l21-10%_bk-na_rep-3_receiver.log
25,udp,single,30mbit,0%,30mbit,0%,30mbit,0%,,1,0,0,32.55,117692626,28.92,22.13,,90039600,284,0.2928,,,,,"gap at offset 90039600, next packet offset is 90141600",/home/fyp1/Downloads/logs/udp_single_l19-0%_l20-0%_l21-0%_bk-na_rep-1_sender.log,/home/fyp1/Downloads/logs/udp_single_l19-0%_l20-0%_l21-0%_bk-na_rep-1_receiver.log
26,udp,single,30mbit,0%,30mbit,0%,30mbit,0%,,2,0,0,32.55,118007829,29.0,20.88,,84951600,25,0.0258,,,,,"gap at offset 84951600, next packet offset is 84981600",/home/fyp1/Downloads/logs/udp_single_l19-0%_l20-0%_l21-0%_bk-na_rep-2_sender.log,/home/fyp1/Downloads/logs/udp_single_l19-0%_l20-0%_l21-0%_bk-na_rep-2_receiver.log
27,udp,single,30mbit,0%,30mbit,0%,30mbit,0%,,3,0,0,32.55,118038254,29.01,28.6,,116389364,0,0.0,,,,,continuous,/home/fyp1/Downloads/logs/udp_single_l19-0%_l20-0%_l21-0%_bk-na_rep-3_sender.log,/home/fyp1/Downloads/logs/udp_single_l19-0%_l20-0%_l21-0%_bk-na_rep-3_receiver.log
28,udp,multi,10mbit,0%,10mbit,0%,10mbit,0%,,1,0,0,32.54,118038306,29.02,28.62,,116389364,0,0.0,,,,,continuous,/home/fyp1/Downloads/logs/udp_multi_l19-0%_l20-0%_l21-0%_bk-na_rep-1_sender.log,/home/fyp1/Downloads/logs/udp_multi_l19-0%_l20-0%_l21-0%_bk-na_rep-1_receiver.log
29,udp,multi,10mbit,0%,10mbit,0%,10mbit,0%,,2,0,0,32.54,118038306,29.02,28.62,,116389364,0,0.0,,,,,continuous,/home/fyp1/Downloads/logs/udp_multi_l19-0%_l20-0%_l21-0%_bk-na_rep-2_sender.log,/home/fyp1/Downloads/logs/udp_multi_l19-0%_l20-0%_l21-0%_bk-na_rep-2_receiver.log
30,udp,multi,10mbit,0%,10mbit,0%,10mbit,0%,,3,0,0,32.54,118038306,29.02,28.62,,116389364,0,0.0,,,,,continuous,/home/fyp1/Downloads/logs/udp_multi_l19-0%_l20-0%_l21-0%_bk-na_rep-3_sender.log,/home/fyp1/Downloads/logs/udp_multi_l19-0%_l20-0%_l21-0%_bk-na_rep-3_receiver.log
31,udp,single,30mbit,3%,30mbit,3%,30mbit,3%,,1,0,0,31.57,111031804,28.13,0.0,,10800,5758,5.9366,,,,,"gap at offset 10800, next packet offset is 12000",/home/fyp1/Downloads/logs/udp_single_l19-3%_l20-3%_l21-3%_bk-na_rep-1_sender.log,/home/fyp1/Downloads/logs/udp_single_l19-3%_l20-3%_l21-3%_bk-na_rep-1_receiver.log
32,udp,single,30mbit,3%,30mbit,3%,30mbit,3%,,2,0,0,31.59,111182893,28.15,0.01,,20400,5633,5.8077,,,,,"gap at offset 20400, next packet offset is 21600",/home/fyp1/Downloads/logs/udp_single_l19-3%_l20-3%_l21-3%_bk-na_rep-2_sender.log,/home/fyp1/Downloads/logs/udp_single_l19-3%_l20-3%_l21-3%_bk-na_rep-2_receiver.log
33,udp,single,30mbit,3%,30mbit,3%,30mbit,3%,,3,0,0,31.57,111040504,28.14,0.0,,0,5750,5.9283,,,,,"gap at offset 0, next packet offset is 1200",/home/fyp1/Downloads/logs/udp_single_l19-3%_l20-3%_l21-3%_bk-na_rep-3_sender.log,/home/fyp1/Downloads/logs/udp_single_l19-3%_l20-3%_l21-3%_bk-na_rep-3_receiver.log
34,udp,multi,10mbit,3%,10mbit,3%,10mbit,3%,,1,0,0,31.61,111170758,28.13,0.0,,18000,5643,5.818,,,,,"gap at offset 18000, next packet offset is 19200",/home/fyp1/Downloads/logs/udp_multi_l19-3%_l20-3%_l21-3%_bk-na_rep-1_sender.log,/home/fyp1/Downloads/logs/udp_multi_l19-3%_l20-3%_l21-3%_bk-na_rep-1_receiver.log
35,udp,multi,10mbit,3%,10mbit,3%,10mbit,3%,,2,0,0,31.58,111052723,28.13,0.0,,12000,5740,5.918,,,,,"gap at offset 12000, next packet offset is 13200",/home/fyp1/Downloads/logs/udp_multi_l19-3%_l20-3%_l21-3%_bk-na_rep-2_sender.log,/home/fyp1/Downloads/logs/udp_multi_l19-3%_l20-3%_l21-3%_bk-na_rep-2_receiver.log
36,udp,multi,10mbit,3%,10mbit,3%,10mbit,3%,,3,0,0,31.59,111170775,28.15,0.0,,9600,5643,5.818,,,,,"gap at offset 9600, next packet offset is 10800",/home/fyp1/Downloads/logs/udp_multi_l19-3%_l20-3%_l21-3%_bk-na_rep-3_sender.log,/home/fyp1/Downloads/logs/udp_multi_l19-3%_l20-3%_l21-3%_bk-na_rep-3_receiver.log
37,udp,single,30mbit,5%,30mbit,5%,30mbit,5%,,1,0,0,30.86,106335582,27.57,0.0,,2400,9616,9.9142,,,,,"gap at offset 2400, next packet offset is 3600",/home/fyp1/Downloads/logs/udp_single_l19-5%_l20-5%_l21-5%_bk-na_rep-1_sender.log,/home/fyp1/Downloads/logs/udp_single_l19-5%_l20-5%_l21-5%_bk-na_rep-1_receiver.log
38,udp,single,30mbit,5%,30mbit,5%,30mbit,5%,,2,0,0,,,,,,,,,,,,,,/home/fyp1/Downloads/logs/udp_single_l19-5%_l20-5%_l21-5%_bk-na_rep-2_sender.log,/home/fyp1/Downloads/logs/udp_single_l19-5%_l20-5%_l21-5%_bk-na_rep-2_receiver.log
39,udp,single,30mbit,5%,30mbit,5%,30mbit,5%,,3,0,0,0.0,0,0.0,0.0,,0,0,0.0,,,,,continuous,/home/fyp1/Downloads/logs/udp_single_l19-5%_l20-5%_l21-5%_bk-na_rep-3_sender.log,/home/fyp1/Downloads/logs/udp_single_l19-5%_l20-5%_l21-5%_bk-na_rep-3_receiver.log
40,udp,multi,10mbit,5%,10mbit,5%,10mbit,5%,,1,0,0,30.95,106437862,27.51,0.0,,8400,9532,9.8276,,,,,"gap at offset 8400, next packet offset is 9600",/home/fyp1/Downloads/logs/udp_multi_l19-5%_l20-5%_l21-5%_bk-na_rep-1_sender.log,/home/fyp1/Downloads/logs/udp_multi_l19-5%_l20-5%_l21-5%_bk-na_rep-1_receiver.log
41,udp,multi,10mbit,5%,10mbit,5%,10mbit,5%,,2,0,0,30.94,106380657,27.51,0.0,,2400,9579,9.8761,,,,,"gap at offset 2400, next packet offset is 3600",/home/fyp1/Downloads/logs/udp_multi_l19-5%_l20-5%_l21-5%_bk-na_rep-2_sender.log,/home/fyp1/Downloads/logs/udp_multi_l19-5%_l20-5%_l21-5%_bk-na_rep-2_receiver.log
42,udp,multi,10mbit,5%,10mbit,5%,10mbit,5%,,3,0,0,30.93,106303992,27.5,0.0,,2400,9642,9.941,,,,,"gap at offset 2400, next packet offset is 3600",/home/fyp1/Downloads/logs/udp_multi_l19-5%_l20-5%_l21-5%_bk-na_rep-3_sender.log,/home/fyp1/Downloads/logs/udp_multi_l19-5%_l20-5%_l21-5%_bk-na_rep-3_receiver.log
43,udp,single,30mbit,10%,30mbit,10%,30mbit,10%,,1,0,0,,,,,,,,,,,,,,/home/fyp1/Downloads/logs/udp_single_l19-10%_l20-10%_l21-10%_bk-na_rep-1_sender.log,/home/fyp1/Downloads/logs/udp_single_l19-10%_l20-10%_l21-10%_bk-na_rep-1_receiver.log
44,udp,single,30mbit,10%,30mbit,10%,30mbit,10%,,2,0,0,0.0,0,0.0,0.0,,0,0,0.0,,,,,continuous,/home/fyp1/Downloads/logs/udp_single_l19-10%_l20-10%_l21-10%_bk-na_rep-2_sender.log,/home/fyp1/Downloads/logs/udp_single_l19-10%_l20-10%_l21-10%_bk-na_rep-2_receiver.log
45,udp,single,30mbit,10%,30mbit,10%,30mbit,10%,,3,0,0,29.32,95560264,26.07,0.0,,4800,18470,19.0428,,,,,"gap at offset 4800, next packet offset is 6000",/home/fyp1/Downloads/logs/udp_single_l19-10%_l20-10%_l21-10%_bk-na_rep-3_sender.log,/home/fyp1/Downloads/logs/udp_single_l19-10%_l20-10%_l21-10%_bk-na_rep-3_receiver.log
46,udp,multi,10mbit,10%,10mbit,10%,10mbit,10%,,1,0,0,29.36,95610032,26.05,0.0,,2400,18430,19.0016,,,,,"gap at offset 2400, next packet offset is 3600",/home/fyp1/Downloads/logs/udp_multi_l19-10%_l20-10%_l21-10%_bk-na_rep-1_sender.log,/home/fyp1/Downloads/logs/udp_multi_l19-10%_l20-10%_l21-10%_bk-na_rep-1_receiver.log
47,udp,multi,10mbit,10%,10mbit,10%,10mbit,10%,,2,0,0,29.29,95608987,26.11,0.0,,1200,18430,19.0016,,,,,"gap at offset 1200, next packet offset is 2400",/home/fyp1/Downloads/logs/udp_multi_l19-10%_l20-10%_l21-10%_bk-na_rep-2_sender.log,/home/fyp1/Downloads/logs/udp_multi_l19-10%_l20-10%_l21-10%_bk-na_rep-2_receiver.log
48,udp,multi,10mbit,10%,10mbit,10%,10mbit,10%,,3,0,0,29.3,95413039,26.05,0.0,,6000,18591,19.1676,,,,,"gap at offset 6000, next packet offset is 7200",/home/fyp1/Downloads/logs/udp_multi_l19-10%_l20-10%_l21-10%_bk-na_rep-3_sender.log,/home/fyp1/Downloads/logs/udp_multi_l19-10%_l20-10%_l21-10%_bk-na_rep-3_receiver.log
49,fec,single,30mbit,0%,30mbit,0%,30mbit,0%,4,1,0,0,41.1,148413946,28.89,22.58,,,,,0.33,0.31,99.68,,"gap at offset 67375200, next packet offset is 67380000",/home/fyp1/Downloads/logs/fec_single_l19-0%_l20-0%_l21-0%_bk-4_rep-1_sender.log,/home/fyp1/Downloads/logs/fec_single_l19-0%_l20-0%_l21-0%_bk-4_rep-1_receiver.log
50,fec,single,30mbit,0%,30mbit,0%,30mbit,0%,4,2,0,0,41.1,148881814,28.98,22.65,,,,,100.0,0.0,100.0,,continuous,/home/fyp1/Downloads/logs/fec_single_l19-0%_l20-0%_l21-0%_bk-4_rep-2_sender.log,/home/fyp1/Downloads/logs/fec_single_l19-0%_l20-0%_l21-0%_bk-4_rep-2_receiver.log
51,fec,single,30mbit,0%,30mbit,0%,30mbit,0%,4,3,0,0,41.1,148881814,28.98,22.66,,,,,100.0,0.0,100.0,,continuous,/home/fyp1/Downloads/logs/fec_single_l19-0%_l20-0%_l21-0%_bk-4_rep-3_sender.log,/home/fyp1/Downloads/logs/fec_single_l19-0%_l20-0%_l21-0%_bk-4_rep-3_receiver.log
52,fec,multi,10mbit,0%,10mbit,0%,10mbit,0%,4,1,0,0,41.19,148882074,28.92,22.61,,,,,100.0,0.0,100.0,,continuous,/home/fyp1/Downloads/logs/fec_multi_l19-0%_l20-0%_l21-0%_bk-4_rep-1_sender.log,/home/fyp1/Downloads/logs/fec_multi_l19-0%_l20-0%_l21-0%_bk-4_rep-1_receiver.log
53,fec,multi,10mbit,0%,10mbit,0%,10mbit,0%,4,2,0,0,41.19,148882074,28.92,22.61,,,,,100.0,0.0,100.0,,continuous,/home/fyp1/Downloads/logs/fec_multi_l19-0%_l20-0%_l21-0%_bk-4_rep-2_sender.log,/home/fyp1/Downloads/logs/fec_multi_l19-0%_l20-0%_l21-0%_bk-4_rep-2_receiver.log
54,fec,multi,10mbit,0%,10mbit,0%,10mbit,0%,4,3,0,0,41.19,148882074,28.92,22.61,,,,,100.0,0.0,100.0,,continuous,/home/fyp1/Downloads/logs/fec_multi_l19-0%_l20-0%_l21-0%_bk-4_rep-3_sender.log,/home/fyp1/Downloads/logs/fec_multi_l19-0%_l20-0%_l21-0%_bk-4_rep-3_receiver.log
55,fec,single,30mbit,3%,30mbit,3%,30mbit,3%,4,1,0,0,39.87,140143366,28.12,23.06,,,,,79.0,1.25,97.01,,"gap at offset 6000, next packet offset is 7200",/home/fyp1/Downloads/logs/fec_single_l19-3%_l20-3%_l21-3%_bk-4_rep-1_sender.log,/home/fyp1/Downloads/logs/fec_single_l19-3%_l20-3%_l21-3%_bk-4_rep-1_receiver.log
56,fec,single,30mbit,3%,30mbit,3%,30mbit,3%,4,2,0,0,39.87,140150539,28.12,23.06,,,,,78.17,1.29,96.9,,"gap at offset 14400, next packet offset is 16800",/home/fyp1/Downloads/logs/fec_single_l19-3%_l20-3%_l21-3%_bk-4_rep-2_sender.log,/home/fyp1/Downloads/logs/fec_single_l19-3%_l20-3%_l21-3%_bk-4_rep-2_receiver.log
57,fec,single,30mbit,3%,30mbit,3%,30mbit,3%,4,3,0,0,39.86,140080738,28.11,23.05,,,,,77.9,1.31,96.82,,"gap at offset 222000, next packet offset is 223200",/home/fyp1/Downloads/logs/fec_single_l19-3%_l20-3%_l21-3%_bk-4_rep-3_sender.log,/home/fyp1/Downloads/logs/fec_single_l19-3%_l20-3%_l21-3%_bk-4_rep-3_receiver.log
58,fec,multi,10mbit,3%,10mbit,3%,10mbit,3%,4,1,0,0,39.97,140222149,28.06,23.0,,,,,78.25,1.26,96.95,,"gap at offset 43200, next packet offset is 44400",/home/fyp1/Downloads/logs/fec_multi_l19-3%_l20-3%_l21-3%_bk-4_rep-1_sender.log,/home/fyp1/Downloads/logs/fec_multi_l19-3%_l20-3%_l21-3%_bk-4_rep-1_receiver.log
59,fec,multi,10mbit,3%,10mbit,3%,10mbit,3%,4,2,0,0,40.0,140240632,28.05,22.99,,,,,78.58,1.24,96.94,,"gap at offset 34800, next packet offset is 36000",/home/fyp1/Downloads/logs/fec_multi_l19-3%_l20-3%_l21-3%_bk-4_rep-2_sender.log,/home/fyp1/Downloads/logs/fec_multi_l19-3%_l20-3%_l21-3%_bk-4_rep-2_receiver.log
60,fec,multi,10mbit,3%,10mbit,3%,10mbit,3%,4,3,0,0,40.01,140116587,28.01,22.97,,,,,78.16,1.3,96.88,,"gap at offset 38400, next packet offset is 39600",/home/fyp1/Downloads/logs/fec_multi_l19-3%_l20-3%_l21-3%_bk-4_rep-3_sender.log,/home/fyp1/Downloads/logs/fec_multi_l19-3%_l20-3%_l21-3%_bk-4_rep-3_receiver.log
61,fec,single,30mbit,5%,30mbit,5%,30mbit,5%,4,1,0,0,39.08,134422088,27.51,23.04,,,,,66.24,3.29,92.28,,"gap at offset 28800, next packet offset is 30000",/home/fyp1/Downloads/logs/fec_single_l19-5%_l20-5%_l21-5%_bk-4_rep-1_sender.log,/home/fyp1/Downloads/logs/fec_single_l19-5%_l20-5%_l21-5%_bk-4_rep-1_receiver.log
62,fec,single,30mbit,5%,30mbit,5%,30mbit,5%,4,2,0,0,39.06,134349662,27.52,23.07,,,,,66.83,3.25,92.31,,"gap at offset 4800, next packet offset is 6000",/home/fyp1/Downloads/logs/fec_single_l19-5%_l20-5%_l21-5%_bk-4_rep-2_sender.log,/home/fyp1/Downloads/logs/fec_single_l19-5%_l20-5%_l21-5%_bk-4_rep-2_receiver.log
63,fec,single,30mbit,5%,30mbit,5%,30mbit,5%,4,3,0,0,39.0,134347160,27.56,23.09,,,,,66.25,3.28,92.09,,"gap at offset 1200, next packet offset is 2400",/home/fyp1/Downloads/logs/fec_single_l19-5%_l20-5%_l21-5%_bk-4_rep-3_sender.log,/home/fyp1/Downloads/logs/fec_single_l19-5%_l20-5%_l21-5%_bk-4_rep-3_receiver.log
64,fec,multi,10mbit,5%,10mbit,5%,10mbit,5%,4,1,0,0,39.21,134396491,27.42,22.98,,,,,66.65,3.24,92.34,,"gap at offset 100800, next packet offset is 102000",/home/fyp1/Downloads/logs/fec_multi_l19-5%_l20-5%_l21-5%_bk-4_rep-1_sender.log,/home/fyp1/Downloads/logs/fec_multi_l19-5%_l20-5%_l21-5%_bk-4_rep-1_receiver.log
65,fec,multi,10mbit,5%,10mbit,5%,10mbit,5%,4,2,0,0,39.19,134519363,27.46,22.97,,,,,65.65,3.32,92.2,,"gap at offset 49200, next packet offset is 50400",/home/fyp1/Downloads/logs/fec_multi_l19-5%_l20-5%_l21-5%_bk-4_rep-2_sender.log,/home/fyp1/Downloads/logs/fec_multi_l19-5%_l20-5%_l21-5%_bk-4_rep-2_receiver.log
66,fec,multi,10mbit,5%,10mbit,5%,10mbit,5%,4,3,0,0,39.16,134403905,27.46,22.99,,,,,65.51,3.34,92.05,,"gap at offset 75600, next packet offset is 76800",/home/fyp1/Downloads/logs/fec_multi_l19-5%_l20-5%_l21-5%_bk-4_rep-3_sender.log,/home/fyp1/Downloads/logs/fec_multi_l19-5%_l20-5%_l21-5%_bk-4_rep-3_receiver.log
67,fec,single,30mbit,10%,30mbit,10%,30mbit,10%,4,1,0,0,36.99,120513760,26.07,22.43,,,,,42.88,10.91,75.69,,"gap at offset 9600, next packet offset is 10800",/home/fyp1/Downloads/logs/fec_single_l19-10%_l20-10%_l21-10%_bk-4_rep-1_sender.log,/home/fyp1/Downloads/logs/fec_single_l19-10%_l20-10%_l21-10%_bk-4_rep-1_receiver.log
68,fec,single,30mbit,10%,30mbit,10%,30mbit,10%,4,2,0,0,37.01,120619365,26.07,22.45,,,,,43.48,10.76,75.98,,"gap at offset 22800, next packet offset is 24000",/home/fyp1/Downloads/logs/fec_single_l19-10%_l20-10%_l21-10%_bk-4_rep-2_sender.log,/home/fyp1/Downloads/logs/fec_single_l19-10%_l20-10%_l21-10%_bk-4_rep-2_receiver.log
69,fec,single,30mbit,10%,30mbit,10%,30mbit,10%,4,3,0,0,36.99,120441334,26.05,22.44,,,,,42.94,10.84,75.68,,"gap at offset 1200, next packet offset is 2400",/home/fyp1/Downloads/logs/fec_single_l19-10%_l20-10%_l21-10%_bk-4_rep-3_sender.log,/home/fyp1/Downloads/logs/fec_single_l19-10%_l20-10%_l21-10%_bk-4_rep-3_receiver.log
70,fec,multi,10mbit,10%,10mbit,10%,10mbit,10%,4,1,0,0,37.15,120543443,25.96,22.34,,,,,42.91,10.86,75.77,,"gap at offset 4800, next packet offset is 6000",/home/fyp1/Downloads/logs/fec_multi_l19-10%_l20-10%_l21-10%_bk-4_rep-1_sender.log,/home/fyp1/Downloads/logs/fec_multi_l19-10%_l20-10%_l21-10%_bk-4_rep-1_receiver.log
71,fec,multi,10mbit,10%,10mbit,10%,10mbit,10%,4,2,0,0,37.2,120752249,25.97,22.36,,,,,43.42,10.67,76.05,,"gap at offset 27600, next packet offset is 28800",/home/fyp1/Downloads/logs/fec_multi_l19-10%_l20-10%_l21-10%_bk-4_rep-2_sender.log,/home/fyp1/Downloads/logs/fec_multi_l19-10%_l20-10%_l21-10%_bk-4_rep-2_receiver.log
72,fec,multi,10mbit,10%,10mbit,10%,10mbit,10%,4,3,0,0,37.12,120741148,26.02,22.36,,,,,42.43,10.88,75.66,,"gap at offset 15600, next packet offset is 19200",/home/fyp1/Downloads/logs/fec_multi_l19-10%_l20-10%_l21-10%_bk-4_rep-3_sender.log,/home/fyp1/Downloads/logs/fec_multi_l19-10%_l20-10%_l21-10%_bk-4_rep-3_receiver.log
73,tcp,single,60mbit,0%,60mbit,0%,60mbit,0%,,1,0,0,16.22,116389364,57.4,57.4,116389364,116389364,,,,,,Yes,continuous,/home/fyp1/Downloads/logs/tcp_single_l19-0%_l20-0%_l21-0%_bk-na_rep-1_sender.log,/home/fyp1/Downloads/logs/tcp_single_l19-0%_l20-0%_l21-0%_bk-na_rep-1_receiver.log
74,tcp,single,60mbit,0%,60mbit,0%,60mbit,0%,,2,0,0,16.22,116389364,57.4,57.4,116389364,116389364,,,,,,Yes,continuous,/home/fyp1/Downloads/logs/tcp_single_l19-0%_l20-0%_l21-0%_bk-na_rep-2_sender.log,/home/fyp1/Downloads/logs/tcp_single_l19-0%_l20-0%_l21-0%_bk-na_rep-2_receiver.log
75,tcp,single,60mbit,0%,60mbit,0%,60mbit,0%,,3,0,0,16.22,116389364,57.4,57.4,116389364,116389364,,,,,,Yes,continuous,/home/fyp1/Downloads/logs/tcp_single_l19-0%_l20-0%_l21-0%_bk-na_rep-3_sender.log,/home/fyp1/Downloads/logs/tcp_single_l19-0%_l20-0%_l21-0%_bk-na_rep-3_receiver.log
76,tcp,multi,20mbit,0%,20mbit,0%,20mbit,0%,,1,0,0,16.22,116389364,57.42,57.42,116389364,116389364,,,,,,Yes,continuous,/home/fyp1/Downloads/logs/tcp_multi_l19-0%_l20-0%_l21-0%_bk-na_rep-1_sender.log,/home/fyp1/Downloads/logs/tcp_multi_l19-0%_l20-0%_l21-0%_bk-na_rep-1_receiver.log
77,tcp,multi,20mbit,0%,20mbit,0%,20mbit,0%,,2,0,0,16.21,116389364,57.43,57.43,116389364,116389364,,,,,,Yes,continuous,/home/fyp1/Downloads/logs/tcp_multi_l19-0%_l20-0%_l21-0%_bk-na_rep-2_sender.log,/home/fyp1/Downloads/logs/tcp_multi_l19-0%_l20-0%_l21-0%_bk-na_rep-2_receiver.log
78,tcp,multi,20mbit,0%,20mbit,0%,20mbit,0%,,3,0,0,16.21,116389364,57.42,57.42,116389364,116389364,,,,,,Yes,continuous,/home/fyp1/Downloads/logs/tcp_multi_l19-0%_l20-0%_l21-0%_bk-na_rep-3_sender.log,/home/fyp1/Downloads/logs/tcp_multi_l19-0%_l20-0%_l21-0%_bk-na_rep-3_receiver.log
79,udp,single,60mbit,0%,60mbit,0%,60mbit,0%,,1,0,0,16.28,118038254,58.02,57.21,,116389364,0,0.0,,,,,continuous,/home/fyp1/Downloads/logs/udp_single_l19-0%_l20-0%_l21-0%_bk-na_rep-1_sender.log,/home/fyp1/Downloads/logs/udp_single_l19-0%_l20-0%_l21-0%_bk-na_rep-1_receiver.log
80,udp,single,60mbit,0%,60mbit,0%,60mbit,0%,,2,0,0,16.28,118038254,58.02,57.21,,116389364,0,0.0,,,,,continuous,/home/fyp1/Downloads/logs/udp_single_l19-0%_l20-0%_l21-0%_bk-na_rep-2_sender.log,/home/fyp1/Downloads/logs/udp_single_l19-0%_l20-0%_l21-0%_bk-na_rep-2_receiver.log
81,udp,single,60mbit,0%,60mbit,0%,60mbit,0%,,3,0,0,16.28,118038254,58.02,57.21,,116389364,0,0.0,,,,,continuous,/home/fyp1/Downloads/logs/udp_single_l19-0%_l20-0%_l21-0%_bk-na_rep-3_sender.log,/home/fyp1/Downloads/logs/udp_single_l19-0%_l20-0%_l21-0%_bk-na_rep-3_receiver.log
82,udp,multi,20mbit,0%,20mbit,0%,20mbit,0%,,1,0,0,16.27,118038306,58.05,57.23,,116389364,0,0.0,,,,,continuous,/home/fyp1/Downloads/logs/udp_multi_l19-0%_l20-0%_l21-0%_bk-na_rep-1_sender.log,/home/fyp1/Downloads/logs/udp_multi_l19-0%_l20-0%_l21-0%_bk-na_rep-1_receiver.log
83,udp,multi,20mbit,0%,20mbit,0%,20mbit,0%,,2,0,0,16.27,118038306,58.05,57.24,,116389364,0,0.0,,,,,continuous,/home/fyp1/Downloads/logs/udp_multi_l19-0%_l20-0%_l21-0%_bk-na_rep-2_sender.log,/home/fyp1/Downloads/logs/udp_multi_l19-0%_l20-0%_l21-0%_bk-na_rep-2_receiver.log
84,udp,multi,20mbit,0%,20mbit,0%,20mbit,0%,,3,0,0,16.27,118038306,58.05,57.23,,116389364,0,0.0,,,,,continuous,/home/fyp1/Downloads/logs/udp_multi_l19-0%_l20-0%_l21-0%_bk-na_rep-3_sender.log,/home/fyp1/Downloads/logs/udp_multi_l19-0%_l20-0%_l21-0%_bk-na_rep-3_receiver.log
85,fec,single,60mbit,0%,60mbit,0%,60mbit,0%,4,1,0,0,20.58,148156066,57.6,45.03,,,,,0.42,0.48,99.51,,"gap at offset 91567200, next packet offset is 91593600",/home/fyp1/Downloads/logs/fec_single_l19-0%_l20-0%_l21-0%_bk-4_rep-1_sender.log,/home/fyp1/Downloads/logs/fec_single_l19-0%_l20-0%_l21-0%_bk-4_rep-1_receiver.log
86,fec,single,60mbit,0%,60mbit,0%,60mbit,0%,4,2,0,0,20.58,148881814,57.89,45.25,,,,,100.0,0.0,100.0,,continuous,/home/fyp1/Downloads/logs/fec_single_l19-0%_l20-0%_l21-0%_bk-4_rep-2_sender.log,/home/fyp1/Downloads/logs/fec_single_l19-0%_l20-0%_l21-0%_bk-4_rep-2_receiver.log
87,fec,single,60mbit,0%,60mbit,0%,60mbit,0%,4,3,0,0,20.58,148881814,57.89,45.25,,,,,100.0,0.0,100.0,,continuous,/home/fyp1/Downloads/logs/fec_single_l19-0%_l20-0%_l21-0%_bk-4_rep-3_sender.log,/home/fyp1/Downloads/logs/fec_single_l19-0%_l20-0%_l21-0%_bk-4_rep-3_receiver.log
88,fec,multi,20mbit,0%,20mbit,0%,20mbit,0%,4,1,0,0,20.67,148882074,57.62,45.05,,,,,100.0,0.0,100.0,,continuous,/home/fyp1/Downloads/logs/fec_multi_l19-0%_l20-0%_l21-0%_bk-4_rep-1_sender.log,/home/fyp1/Downloads/logs/fec_multi_l19-0%_l20-0%_l21-0%_bk-4_rep-1_receiver.log
89,fec,multi,20mbit,0%,20mbit,0%,20mbit,0%,4,2,0,0,20.67,148882074,57.62,45.05,,,,,100.0,0.0,100.0,,continuous,/home/fyp1/Downloads/logs/fec_multi_l19-0%_l20-0%_l21-0%_bk-4_rep-2_sender.log,/home/fyp1/Downloads/logs/fec_multi_l19-0%_l20-0%_l21-0%_bk-4_rep-2_receiver.log
90,fec,multi,20mbit,0%,20mbit,0%,20mbit,0%,4,3,0,0,20.67,148882074,57.62,45.05,,,,,100.0,0.0,100.0,,continuous,/home/fyp1/Downloads/logs/fec_multi_l19-0%_l20-0%_l21-0%_bk-4_rep-3_sender.log,/home/fyp1/Downloads/logs/fec_multi_l19-0%_l20-0%_l21-0%_bk-4_rep-3_receiver.log
91,tcp,single,60mbit,3%,60mbit,3%,60mbit,3%,,1,0,0,73.43,116389364,12.68,12.68,116389364,116389364,,,,,,Yes,continuous,/home/fyp1/Downloads/logs/tcp_single_l19-3%_l20-3%_l21-3%_bk-na_rep-1_sender.log,/home/fyp1/Downloads/logs/tcp_single_l19-3%_l20-3%_l21-3%_bk-na_rep-1_receiver.log
92,tcp,single,60mbit,3%,60mbit,3%,60mbit,3%,,2,0,0,75.15,116389364,12.39,12.39,116389364,116389364,,,,,,Yes,continuous,/home/fyp1/Downloads/logs/tcp_single_l19-3%_l20-3%_l21-3%_bk-na_rep-2_sender.log,/home/fyp1/Downloads/logs/tcp_single_l19-3%_l20-3%_l21-3%_bk-na_rep-2_receiver.log
93,tcp,single,60mbit,3%,60mbit,3%,60mbit,3%,,3,0,0,73.26,116389364,12.71,12.71,116389364,116389364,,,,,,Yes,continuous,/home/fyp1/Downloads/logs/tcp_single_l19-3%_l20-3%_l21-3%_bk-na_rep-3_sender.log,/home/fyp1/Downloads/logs/tcp_single_l19-3%_l20-3%_l21-3%_bk-na_rep-3_receiver.log
94,tcp,multi,20mbit,3%,20mbit,3%,20mbit,3%,,1,0,0,27.97,116389364,33.29,33.29,116389364,116389364,,,,,,Yes,continuous,/home/fyp1/Downloads/logs/tcp_multi_l19-3%_l20-3%_l21-3%_bk-na_rep-1_sender.log,/home/fyp1/Downloads/logs/tcp_multi_l19-3%_l20-3%_l21-3%_bk-na_rep-1_receiver.log
95,tcp,multi,20mbit,3%,20mbit,3%,20mbit,3%,,2,0,0,27.22,116389364,34.21,34.21,116389364,116389364,,,,,,Yes,continuous,/home/fyp1/Downloads/logs/tcp_multi_l19-3%_l20-3%_l21-3%_bk-na_rep-2_sender.log,/home/fyp1/Downloads/logs/tcp_multi_l19-3%_l20-3%_l21-3%_bk-na_rep-2_receiver.log
96,tcp,multi,20mbit,3%,20mbit,3%,20mbit,3%,,3,0,0,26.7,116389364,34.87,34.87,116389364,116389364,,,,,,Yes,continuous,/home/fyp1/Downloads/logs/tcp_multi_l19-3%_l20-3%_l21-3%_bk-na_rep-3_sender.log,/home/fyp1/Downloads/logs/tcp_multi_l19-3%_l20-3%_l21-3%_bk-na_rep-3_receiver.log
97,udp,single,60mbit,3%,60mbit,3%,60mbit,3%,,1,0,0,15.78,111030768,56.28,0.01,,12000,5758,5.9366,,,,,"gap at offset 12000, next packet offset is 13200",/home/fyp1/Downloads/logs/udp_single_l19-3%_l20-3%_l21-3%_bk-na_rep-1_sender.log,/home/fyp1/Downloads/logs/udp_single_l19-3%_l20-3%_l21-3%_bk-na_rep-1_receiver.log
98,udp,single,60mbit,3%,60mbit,3%,60mbit,3%,,2,0,0,15.79,111052674,56.27,0.01,,10800,5740,5.918,,,,,"gap at offset 10800, next packet offset is 12000",/home/fyp1/Downloads/logs/udp_single_l19-3%_l20-3%_l21-3%_bk-na_rep-2_sender.log,/home/fyp1/Downloads/logs/udp_single_l19-3%_l20-3%_l21-3%_bk-na_rep-2_receiver.log
99,udp,single,60mbit,3%,60mbit,3%,60mbit,3%,,3,0,0,15.8,111128128,56.28,0.01,,26400,5678,5.8541,,,,,"gap at offset 26400, next packet offset is 27600",/home/fyp1/Downloads/logs/udp_single_l19-3%_l20-3%_l21-3%_bk-na_rep-3_sender.log,/home/fyp1/Downloads/logs/udp_single_l19-3%_l20-3%_l21-3%_bk-na_rep-3_receiver.log
100,udp,multi,20mbit,3%,20mbit,3%,20mbit,3%,,1,0,0,15.79,111118441,56.31,0.01,,24000,5686,5.8623,,,,,"gap at offset 24000, next packet offset is 26400",/home/fyp1/Downloads/logs/udp_multi_l19-3%_l20-3%_l21-3%_bk-na_rep-1_sender.log,/home/fyp1/Downloads/logs/udp_multi_l19-3%_l20-3%_l21-3%_bk-na_rep-1_receiver.log
101,udp,multi,20mbit,3%,20mbit,3%,20mbit,3%,,2,0,0,15.8,111124526,56.28,0.01,,16800,5681,5.8572,,,,,"gap at offset 16800, next packet offset is 18000",/home/fyp1/Downloads/logs/udp_multi_l19-3%_l20-3%_l21-3%_bk-na_rep-2_sender.log,/home/fyp1/Downloads/logs/udp_multi_l19-3%_l20-3%_l21-3%_bk-na_rep-2_receiver.log
102,udp,multi,20mbit,3%,20mbit,3%,20mbit,3%,,3,0,0,15.8,111259613,56.32,0.0,,2400,5570,5.7427,,,,,"gap at offset 2400, next packet offset is 3600",/home/fyp1/Downloads/logs/udp_multi_l19-3%_l20-3%_l21-3%_bk-na_rep-3_sender.log,/home/fyp1/Downloads/logs/udp_multi_l19-3%_l20-3%_l21-3%_bk-na_rep-3_receiver.log
103,fec,single,60mbit,3%,60mbit,3%,60mbit,3%,4,1,0,0,19.96,140020374,56.13,46.05,,,,,78.13,1.31,97.01,,"gap at offset 36000, next packet offset is 38400",/home/fyp1/Downloads/logs/fec_single_l19-3%_l20-3%_l21-3%_bk-4_rep-1_sender.log,/home/fyp1/Downloads/logs/fec_single_l19-3%_l20-3%_l21-3%_bk-4_rep-1_receiver.log
104,fec,single,60mbit,3%,60mbit,3%,60mbit,3%,4,2,0,0,19.95,140067227,56.15,46.08,,,,,78.79,1.25,96.93,,"gap at offset 96000, next packet offset is 98400",/home/fyp1/Downloads/logs/fec_single_l19-3%_l20-3%_l21-3%_bk-4_rep-2_sender.log,/home/fyp1/Downloads/logs/fec_single_l19-3%_l20-3%_l21-3%_bk-4_rep-2_receiver.log
105,fec,single,60mbit,3%,60mbit,3%,60mbit,3%,4,3,0,0,19.96,140074595,56.15,46.07,,,,,79.02,1.26,96.94,,"gap at offset 532800, next packet offset is 535200",/home/fyp1/Downloads/logs/fec_single_l19-3%_l20-3%_l21-3%_bk-4_rep-3_sender.log,/home/fyp1/Downloads/logs/fec_single_l19-3%_l20-3%_l21-3%_bk-4_rep-3_receiver.log
106,fec,multi,20mbit,3%,20mbit,3%,20mbit,3%,4,1,0,0,20.05,139947100,55.84,45.81,,,,,77.31,1.37,96.74,,"gap at offset 36000, next packet offset is 38400",/home/fyp1/Downloads/logs/fec_multi_l19-3%_l20-3%_l21-3%_bk-4_rep-1_sender.log,/home/fyp1/Downloads/logs/fec_multi_l19-3%_l20-3%_l21-3%_bk-4_rep-1_receiver.log
107,fec,multi,20mbit,3%,20mbit,3%,20mbit,3%,4,2,0,0,20.06,140020757,55.84,45.82,,,,,78.52,1.29,96.94,,"gap at offset 159600, next packet offset is 160800",/home/fyp1/Downloads/logs/fec_multi_l19-3%_l20-3%_l21-3%_bk-4_rep-2_sender.log,/home/fyp1/Downloads/logs/fec_multi_l19-3%_l20-3%_l21-3%_bk-4_rep-2_receiver.log
108,fec,multi,20mbit,3%,20mbit,3%,20mbit,3%,4,3,0,0,20.05,140068666,55.9,45.86,,,,,78.63,1.26,96.88,,"gap at offset 62400, next packet offset is 64800",/home/fyp1/Downloads/logs/fec_multi_l19-3%_l20-3%_l21-3%_bk-4_rep-3_sender.log,/home/fyp1/Downloads/logs/fec_multi_l19-3%_l20-3%_l21-3%_bk-4_rep-3_receiver.log
109,tcp,single,60mbit,5%,60mbit,5%,60mbit,5%,,1,0,0,205.41,116389364,4.53,4.53,116389364,116389364,,,,,,Yes,continuous,/home/fyp1/Downloads/logs/tcp_single_l19-5%_l20-5%_l21-5%_bk-na_rep-1_sender.log,/home/fyp1/Downloads/logs/tcp_single_l19-5%_l20-5%_l21-5%_bk-na_rep-1_receiver.log
110,tcp,single,60mbit,5%,60mbit,5%,60mbit,5%,,2,0,0,211.74,116389364,4.4,4.4,116389364,116389364,,,,,,Yes,continuous,/home/fyp1/Downloads/logs/tcp_single_l19-5%_l20-5%_l21-5%_bk-na_rep-2_sender.log,/home/fyp1/Downloads/logs/tcp_single_l19-5%_l20-5%_l21-5%_bk-na_rep-2_receiver.log
111,tcp,single,60mbit,5%,60mbit,5%,60mbit,5%,,3,0,0,198.13,116389364,4.7,4.7,116389364,116389364,,,,,,Yes,continuous,/home/fyp1/Downloads/logs/tcp_single_l19-5%_l20-5%_l21-5%_bk-na_rep-3_sender.log,/home/fyp1/Downloads/logs/tcp_single_l19-5%_l20-5%_l21-5%_bk-na_rep-3_receiver.log
112,tcp,multi,20mbit,5%,20mbit,5%,20mbit,5%,,1,0,0,72.16,116389364,12.9,12.9,116389364,116389364,,,,,,Yes,continuous,/home/fyp1/Downloads/logs/tcp_multi_l19-5%_l20-5%_l21-5%_bk-na_rep-1_sender.log,/home/fyp1/Downloads/logs/tcp_multi_l19-5%_l20-5%_l21-5%_bk-na_rep-1_receiver.log
113,tcp,multi,20mbit,5%,20mbit,5%,20mbit,5%,,2,0,0,76.39,116389364,12.19,12.19,116389364,116389364,,,,,,Yes,continuous,/home/fyp1/Downloads/logs/tcp_multi_l19-5%_l20-5%_l21-5%_bk-na_rep-2_sender.log,/home/fyp1/Downloads/logs/tcp_multi_l19-5%_l20-5%_l21-5%_bk-na_rep-2_receiver.log
114,tcp,multi,20mbit,5%,20mbit,5%,20mbit,5%,,3,0,0,76.95,116389364,12.1,12.1,116389364,116389364,,,,,,Yes,continuous,/home/fyp1/Downloads/logs/tcp_multi_l19-5%_l20-5%_l21-5%_bk-na_rep-3_sender.log,/home/fyp1/Downloads/logs/tcp_multi_l19-5%_l20-5%_l21-5%_bk-na_rep-3_receiver.log
115,udp,single,60mbit,5%,60mbit,5%,60mbit,5%,,1,0,0,15.46,106314893,55.03,0.0,,0,9633,9.9317,,,,,"gap at offset 0, next packet offset is 1200",/home/fyp1/Downloads/logs/udp_single_l19-5%_l20-5%_l21-5%_bk-na_rep-1_sender.log,/home/fyp1/Downloads/logs/udp_single_l19-5%_l20-5%_l21-5%_bk-na_rep-1_receiver.log
116,udp,single,60mbit,5%,60mbit,5%,60mbit,5%,,2,0,0,15.46,106571680,55.15,0.02,,44400,9422,9.7142,,,,,"gap at offset 44400, next packet offset is 45600",/home/fyp1/Downloads/logs/udp_single_l19-5%_l20-5%_l21-5%_bk-na_rep-2_sender.log,/home/fyp1/Downloads/logs/udp_single_l19-5%_l20-5%_l21-5%_bk-na_rep-2_receiver.log
117,udp,single,60mbit,5%,60mbit,5%,60mbit,5%,,3,0,0,15.46,106519349,55.13,0.0,,1200,9465,9.7585,,,,,"gap at offset 1200, next packet offset is 2400",/home/fyp1/Downloads/logs/udp_single_l19-5%_l20-5%_l21-5%_bk-na_rep-3_sender.log,/home/fyp1/Downloads/logs/udp_single_l19-5%_l20-5%_l21-5%_bk-na_rep-3_receiver.log
118,udp,multi,20mbit,5%,20mbit,5%,20mbit,5%,,1,0,0,15.46,106496272,55.1,0.0,,4800,9484,9.7781,,,,,"gap at offset 4800, next packet offset is 6000",/home/fyp1/Downloads/logs/udp_multi_l19-5%_l20-5%_l21-5%_bk-na_rep-1_sender.log,/home/fyp1/Downloads/logs/udp_multi_l19-5%_l20-5%_l21-5%_bk-na_rep-1_receiver.log
119,udp,multi,20mbit,5%,20mbit,5%,20mbit,5%,,2,0,0,15.45,106308851,55.04,0.0,,0,9638,9.9369,,,,,"gap at offset 0, next packet offset is 1200",/home/fyp1/Downloads/logs/udp_multi_l19-5%_l20-5%_l21-5%_bk-na_rep-2_sender.log,/home/fyp1/Downloads/logs/udp_multi_l19-5%_l20-5%_l21-5%_bk-na_rep-2_receiver.log
120,udp,multi,20mbit,5%,20mbit,5%,20mbit,5%,,3,0,0,15.48,106608239,55.11,0.0,,1200,9392,9.6833,,,,,"gap at offset 1200, next packet offset is 2400",/home/fyp1/Downloads/logs/udp_multi_l19-5%_l20-5%_l21-5%_bk-na_rep-3_sender.log,/home/fyp1/Downloads/logs/udp_multi_l19-5%_l20-5%_l21-5%_bk-na_rep-3_receiver.log
121,fec,single,60mbit,5%,60mbit,5%,60mbit,5%,4,1,0,0,19.55,134547364,55.06,46.08,,,,,66.34,3.25,92.31,,"gap at offset 67200, next packet offset is 68400",/home/fyp1/Downloads/logs/fec_single_l19-5%_l20-5%_l21-5%_bk-4_rep-1_sender.log,/home/fyp1/Downloads/logs/fec_single_l19-5%_l20-5%_l21-5%_bk-4_rep-1_receiver.log
122,fec,single,60mbit,5%,60mbit,5%,60mbit,5%,4,2,0,0,19.53,133157248,54.53,45.74,,,,,61.59,4.05,91.26,,"gap at offset 0, next packet offset is 1200",/home/fyp1/Downloads/logs/fec_single_l19-5%_l20-5%_l21-5%_bk-4_rep-2_sender.log,/home/fyp1/Downloads/logs/fec_single_l19-5%_l20-5%_l21-5%_bk-4_rep-2_receiver.log
123,fec,single,60mbit,5%,60mbit,5%,60mbit,5%,4,3,0,0,19.57,134579269,55.02,46.05,,,,,66.33,3.22,92.37,,"gap at offset 0, next packet offset is 1200",/home/fyp1/Downloads/logs/fec_single_l19-5%_l20-5%_l21-5%_bk-4_rep-3_sender.log,/home/fyp1/Downloads/logs/fec_single_l19-5%_l20-5%_l21-5%_bk-4_rep-3_receiver.log
124,fec,multi,20mbit,5%,20mbit,5%,20mbit,5%,4,1,0,0,19.67,134450595,54.68,45.76,,,,,65.81,3.31,92.13,,"gap at offset 54000, next packet offset is 55200",/home/fyp1/Downloads/logs/fec_multi_l19-5%_l20-5%_l21-5%_bk-4_rep-1_sender.log,/home/fyp1/Downloads/logs/fec_multi_l19-5%_l20-5%_l21-5%_bk-4_rep-1_receiver.log
125,fec,multi,20mbit,5%,20mbit,5%,20mbit,5%,4,2,0,0,19.7,134587933,54.66,45.8,,,,,67.52,3.1,92.57,,"gap at offset 26400, next packet offset is 27600",/home/fyp1/Downloads/logs/fec_multi_l19-5%_l20-5%_l21-5%_bk-4_rep-2_sender.log,/home/fyp1/Downloads/logs/fec_multi_l19-5%_l20-5%_l21-5%_bk-4_rep-2_receiver.log
126,fec,multi,20mbit,5%,20mbit,5%,20mbit,5%,4,3,0,0,19.65,134277418,54.67,45.83,,,,,66.62,3.27,92.14,,"gap at offset 38400, next packet offset is 39600",/home/fyp1/Downloads/logs/fec_multi_l19-5%_l20-5%_l21-5%_bk-4_rep-3_sender.log,/home/fyp1/Downloads/logs/fec_multi_l19-5%_l20-5%_l21-5%_bk-4_rep-3_receiver.log
127,tcp,single,60mbit,10%,60mbit,10%,60mbit,10%,,1,0,0,1070.11,116389364,0.87,0.87,116389364,116389364,,,,,,Yes,continuous,/home/fyp1/Downloads/logs/tcp_single_l19-10%_l20-10%_l21-10%_bk-na_rep-1_sender.log,/home/fyp1/Downloads/logs/tcp_single_l19-10%_l20-10%_l21-10%_bk-na_rep-1_receiver.log
128,tcp,single,60mbit,10%,60mbit,10%,60mbit,10%,,2,0,0,1097.66,116389364,0.85,0.85,116389364,116389364,,,,,,Yes,continuous,/home/fyp1/Downloads/logs/tcp_single_l19-10%_l20-10%_l21-10%_bk-na_rep-2_sender.log,/home/fyp1/Downloads/logs/tcp_single_l19-10%_l20-10%_l21-10%_bk-na_rep-2_receiver.log
129,tcp,single,60mbit,10%,60mbit,10%,60mbit,10%,,3,0,0,1044.11,116389364,0.89,0.89,116389364,116389364,,,,,,Yes,continuous,/home/fyp1/Downloads/logs/tcp_single_l19-10%_l20-10%_l21-10%_bk-na_rep-3_sender.log,/home/fyp1/Downloads/logs/tcp_single_l19-10%_l20-10%_l21-10%_bk-na_rep-3_receiver.log
130,tcp,multi,20mbit,10%,20mbit,10%,20mbit,10%,,1,0,0,353.17,116389364,2.64,2.64,116389364,116389364,,,,,,Yes,continuous,/home/fyp1/Downloads/logs/tcp_multi_l19-10%_l20-10%_l21-10%_bk-na_rep-1_sender.log,/home/fyp1/Downloads/logs/tcp_multi_l19-10%_l20-10%_l21-10%_bk-na_rep-1_receiver.log
131,tcp,multi,20mbit,10%,20mbit,10%,20mbit,10%,,2,0,0,393.75,116389364,2.36,2.36,116389364,116389364,,,,,,Yes,continuous,/home/fyp1/Downloads/logs/tcp_multi_l19-10%_l20-10%_l21-10%_bk-na_rep-2_sender.log,/home/fyp1/Downloads/logs/tcp_multi_l19-10%_l20-10%_l21-10%_bk-na_rep-2_receiver.log
132,tcp,multi,20mbit,10%,20mbit,10%,20mbit,10%,,3,0,0,398.89,116389364,2.33,2.33,116389364,116389364,,,,,,Yes,continuous,/home/fyp1/Downloads/logs/tcp_multi_l19-10%_l20-10%_l21-10%_bk-na_rep-3_sender.log,/home/fyp1/Downloads/logs/tcp_multi_l19-10%_l20-10%_l21-10%_bk-na_rep-3_receiver.log
133,udp,single,60mbit,10%,60mbit,10%,60mbit,10%,,1,0,0,14.65,95577299,52.19,0.0,,0,18456,19.0284,,,,,"gap at offset 0, next packet offset is 1200",/home/fyp1/Downloads/logs/udp_single_l19-10%_l20-10%_l21-10%_bk-na_rep-1_sender.log,/home/fyp1/Downloads/logs/udp_single_l19-10%_l20-10%_l21-10%_bk-na_rep-1_receiver.log
134,udp,single,60mbit,10%,60mbit,10%,60mbit,10%,,2,0,0,14.63,95576085,52.25,0.0,,0,18457,19.0294,,,,,"gap at offset 0, next packet offset is 1200",/home/fyp1/Downloads/logs/udp_single_l19-10%_l20-10%_l21-10%_bk-na_rep-2_sender.log,/home/fyp1/Downloads/logs/udp_single_l19-10%_l20-10%_l21-10%_bk-na_rep-2_receiver.log
135,udp,single,60mbit,10%,60mbit,10%,60mbit,10%,,3,0,0,14.67,95624759,52.16,0.0,,1200,18417,18.9882,,,,,"gap at offset 1200, next packet offset is 2400",/home/fyp1/Downloads/logs/udp_single_l19-10%_l20-10%_l21-10%_bk-na_rep-3_sender.log,/home/fyp1/Downloads/logs/udp_single_l19-10%_l20-10%_l21-10%_bk-na_rep-3_receiver.log
136,udp,multi,20mbit,10%,20mbit,10%,20mbit,10%,,1,0,0,14.65,95460516,52.14,0.0,,6000,18552,19.1274,,,,,"gap at offset 6000, next packet offset is 7200",/home/fyp1/Downloads/logs/udp_multi_l19-10%_l20-10%_l21-10%_bk-na_rep-1_sender.log,/home/fyp1/Downloads/logs/udp_multi_l19-10%_l20-10%_l21-10%_bk-na_rep-1_receiver.log
137,udp,multi,20mbit,10%,20mbit,10%,20mbit,10%,,2,0,0,14.66,95808581,52.27,0.0,,1200,18266,18.8325,,,,,"gap at offset 1200, next packet offset is 3600",/home/fyp1/Downloads/logs/udp_multi_l19-10%_l20-10%_l21-10%_bk-na_rep-2_sender.log,/home/fyp1/Downloads/logs/udp_multi_l19-10%_l20-10%_l21-10%_bk-na_rep-2_receiver.log
138,udp,multi,20mbit,10%,20mbit,10%,20mbit,10%,,3,0,0,14.67,95742866,52.2,0.0,,4800,18320,18.8882,,,,,"gap at offset 4800, next packet offset is 6000",/home/fyp1/Downloads/logs/udp_multi_l19-10%_l20-10%_l21-10%_bk-na_rep-3_sender.log,/home/fyp1/Downloads/logs/udp_multi_l19-10%_l20-10%_l21-10%_bk-na_rep-3_receiver.log
139,fec,single,60mbit,10%,60mbit,10%,60mbit,10%,4,1,0,0,18.52,120487995,52.06,44.82,,,,,43.15,10.87,75.74,,"gap at offset 4800, next packet offset is 7200",/home/fyp1/Downloads/logs/fec_single_l19-10%_l20-10%_l21-10%_bk-4_rep-1_sender.log,/home/fyp1/Downloads/logs/fec_single_l19-10%_l20-10%_l21-10%_bk-4_rep-1_receiver.log
140,fec,single,60mbit,10%,60mbit,10%,60mbit,10%,4,2,0,0,18.48,120704045,52.24,44.97,,,,,43.25,10.73,75.94,,"gap at offset 15600, next packet offset is 16800",/home/fyp1/Downloads/logs/fec_single_l19-10%_l20-10%_l21-10%_bk-4_rep-2_sender.log,/home/fyp1/Downloads/logs/fec_single_l19-10%_l20-10%_l21-10%_bk-4_rep-2_receiver.log
141,fec,single,60mbit,10%,60mbit,10%,60mbit,10%,4,3,0,0,18.53,120532183,52.04,44.79,,,,,42.97,10.87,75.7,,"gap at offset 7200, next packet offset is 9600",/home/fyp1/Downloads/logs/fec_single_l19-10%_l20-10%_l21-10%_bk-4_rep-3_sender.log,/home/fyp1/Downloads/logs/fec_single_l19-10%_l20-10%_l21-10%_bk-4_rep-3_receiver.log
142,fec,multi,20mbit,10%,20mbit,10%,20mbit,10%,4,1,0,0,18.66,120609772,51.72,44.54,,,,,43.15,10.76,75.97,,"gap at offset 13200, next packet offset is 14400",/home/fyp1/Downloads/logs/fec_multi_l19-10%_l20-10%_l21-10%_bk-4_rep-1_sender.log,/home/fyp1/Downloads/logs/fec_multi_l19-10%_l20-10%_l21-10%_bk-4_rep-1_receiver.log
143,fec,multi,20mbit,10%,20mbit,10%,20mbit,10%,4,2,0,0,18.64,120655194,51.78,44.59,,,,,43.44,10.74,76.11,,"gap at offset 2400, next packet offset is 4800",/home/fyp1/Downloads/logs/fec_multi_l19-10%_l20-10%_l21-10%_bk-4_rep-2_sender.log,/home/fyp1/Downloads/logs/fec_multi_l19-10%_l20-10%_l21-10%_bk-4_rep-2_receiver.log
144,fec,multi,20mbit,10%,20mbit,10%,20mbit,10%,4,3,0,0,18.58,120645292,51.95,44.78,,,,,43.42,10.66,75.97,,"gap at offset 39600, next packet offset is 43200",/home/fyp1/Downloads/logs/fec_multi_l19-10%_l20-10%_l21-10%_bk-4_rep-3_sender.log,/home/fyp1/Downloads/logs/fec_multi_l19-10%_l20-10%_l21-10%_bk-4_rep-3_receiver.log
145,tcp,single,90mbit,3%,90mbit,3%,90mbit,3%,,1,0,0,62.37,116389364,14.93,14.93,116389364,116389364,,,,,,Yes,continuous,/home/fyp1/Downloads/logs/tcp_single_l19-3%_l20-3%_l21-3%_bk-na_rep-1_sender.log,/home/fyp1/Downloads/logs/tcp_single_l19-3%_l20-3%_l21-3%_bk-na_rep-1_receiver.log
146,tcp,single,90mbit,3%,90mbit,3%,90mbit,3%,,2,0,0,67.28,116389364,13.84,13.84,116389364,116389364,,,,,,Yes,continuous,/home/fyp1/Downloads/logs/tcp_single_l19-3%_l20-3%_l21-3%_bk-na_rep-2_sender.log,/home/fyp1/Downloads/logs/tcp_single_l19-3%_l20-3%_l21-3%_bk-na_rep-2_receiver.log
147,tcp,single,90mbit,3%,90mbit,3%,90mbit,3%,,3,0,0,71.29,116389364,13.06,13.06,116389364,116389364,,,,,,Yes,continuous,/home/fyp1/Downloads/logs/tcp_single_l19-3%_l20-3%_l21-3%_bk-na_rep-3_sender.log,/home/fyp1/Downloads/logs/tcp_single_l19-3%_l20-3%_l21-3%_bk-na_rep-3_receiver.log
148,tcp,multi,30mbit,3%,30mbit,3%,30mbit,3%,,1,0,0,24.33,116389364,38.27,38.27,116389364,116389364,,,,,,Yes,continuous,/home/fyp1/Downloads/logs/tcp_multi_l19-3%_l20-3%_l21-3%_bk-na_rep-1_sender.log,/home/fyp1/Downloads/logs/tcp_multi_l19-3%_l20-3%_l21-3%_bk-na_rep-1_receiver.log
149,tcp,multi,30mbit,3%,30mbit,3%,30mbit,3%,,2,0,0,28.07,116389364,33.17,33.17,116389364,116389364,,,,,,Yes,continuous,/home/fyp1/Downloads/logs/tcp_multi_l19-3%_l20-3%_l21-3%_bk-na_rep-2_sender.log,/home/fyp1/Downloads/logs/tcp_multi_l19-3%_l20-3%_l21-3%_bk-na_rep-2_receiver.log
150,tcp,multi,30mbit,3%,30mbit,3%,30mbit,3%,,3,0,0,27.1,116389364,34.36,34.36,116389364,116389364,,,,,,Yes,continuous,/home/fyp1/Downloads/logs/tcp_multi_l19-3%_l20-3%_l21-3%_bk-na_rep-3_sender.log,/home/fyp1/Downloads/logs/tcp_multi_l19-3%_l20-3%_l21-3%_bk-na_rep-3_receiver.log
151,udp,single,90mbit,3%,90mbit,3%,90mbit,3%,,1,0,0,10.52,111012513,84.4,0.0,,1200,5773,5.952,,,,,"gap at offset 1200, next packet offset is 2400",/home/fyp1/Downloads/logs/udp_single_l19-3%_l20-3%_l21-3%_bk-na_rep-1_sender.log,/home/fyp1/Downloads/logs/udp_single_l19-3%_l20-3%_l21-3%_bk-na_rep-1_receiver.log
152,udp,single,90mbit,3%,90mbit,3%,90mbit,3%,,2,0,0,10.53,111045372,84.36,0.01,,10800,5746,5.9242,,,,,"gap at offset 10800, next packet offset is 12000",/home/fyp1/Downloads/logs/udp_single_l19-3%_l20-3%_l21-3%_bk-na_rep-2_sender.log,/home/fyp1/Downloads/logs/udp_single_l19-3%_l20-3%_l21-3%_bk-na_rep-2_receiver.log
153,udp,single,90mbit,3%,90mbit,3%,90mbit,3%,,3,0,0,10.52,111030768,84.4,0.01,,19200,5758,5.9366,,,,,"gap at offset 19200, next packet offset is 20400",/home/fyp1/Downloads/logs/udp_single_l19-3%_l20-3%_l21-3%_bk-na_rep-3_sender.log,/home/fyp1/Downloads/logs/udp_single_l19-3%_l20-3%_l21-3%_bk-na_rep-3_receiver.log
154,udp,multi,30mbit,3%,30mbit,3%,30mbit,3%,,1,0,0,10.53,111106257,84.44,0.01,,9600,5696,5.8726,,,,,"gap at offset 9600, next packet offset is 10800",/home/fyp1/Downloads/logs/udp_multi_l19-3%_l20-3%_l21-3%_bk-na_rep-1_sender.log,/home/fyp1/Downloads/logs/udp_multi_l19-3%_l20-3%_l21-3%_bk-na_rep-1_receiver.log
155,udp,multi,30mbit,3%,30mbit,3%,30mbit,3%,,2,0,0,10.53,111035665,84.35,0.01,,13200,5754,5.9324,,,,,"gap at offset 13200, next packet offset is 14400",/home/fyp1/Downloads/logs/udp_multi_l19-3%_l20-3%_l21-3%_bk-na_rep-2_sender.log,/home/fyp1/Downloads/logs/udp_multi_l19-3%_l20-3%_l21-3%_bk-na_rep-2_receiver.log
156,udp,multi,30mbit,3%,30mbit,3%,30mbit,3%,,3,0,0,10.53,111145218,84.44,0.01,,9600,5664,5.8397,,,,,"gap at offset 9600, next packet offset is 10800",/home/fyp1/Downloads/logs/udp_multi_l19-3%_l20-3%_l21-3%_bk-na_rep-3_sender.log,/home/fyp1/Downloads/logs/udp_multi_l19-3%_l20-3%_l21-3%_bk-na_rep-3_receiver.log
157,fec,single,90mbit,3%,90mbit,3%,90mbit,3%,4,1,0,0,13.33,140037758,84.07,68.93,,,,,77.12,1.35,96.82,,"gap at offset 92400, next packet offset is 93600",/home/fyp1/Downloads/logs/fec_single_l19-3%_l20-3%_l21-3%_bk-4_rep-1_sender.log,/home/fyp1/Downloads/logs/fec_single_l19-3%_l20-3%_l21-3%_bk-4_rep-1_receiver.log
158,fec,single,90mbit,3%,90mbit,3%,90mbit,3%,4,2,0,0,13.31,140102796,84.22,69.05,,,,,77.94,1.31,96.85,,"gap at offset 70800, next packet offset is 72000",/home/fyp1/Downloads/logs/fec_single_l19-3%_l20-3%_l21-3%_bk-4_rep-2_sender.log,/home/fyp1/Downloads/logs/fec_single_l19-3%_l20-3%_l21-3%_bk-4_rep-2_receiver.log
159,fec,single,90mbit,3%,90mbit,3%,90mbit,3%,4,3,0,0,13.32,139981247,84.05,68.97,,,,,78.13,1.31,96.85,,"gap at offset 70800, next packet offset is 72000",/home/fyp1/Downloads/logs/fec_single_l19-3%_l20-3%_l21-3%_bk-4_rep-3_sender.log,/home/fyp1/Downloads/logs/fec_single_l19-3%_l20-3%_l21-3%_bk-4_rep-3_receiver.log
160,fec,multi,30mbit,3%,30mbit,3%,30mbit,3%,4,1,0,0,13.42,139933615,83.39,68.46,,,,,78.42,1.29,96.83,,"gap at offset 146400, next packet offset is 147600",/home/fyp1/Downloads/logs/fec_multi_l19-3%_l20-3%_l21-3%_bk-4_rep-1_sender.log,/home/fyp1/Downloads/logs/fec_multi_l19-3%_l20-3%_l21-3%_bk-4_rep-1_receiver.log
161,fec,multi,30mbit,3%,30mbit,3%,30mbit,3%,4,2,0,0,13.44,140266426,83.48,68.44,,,,,79.26,1.2,97.12,,"gap at offset 4800, next packet offset is 6000",/home/fyp1/Downloads/logs/fec_multi_l19-3%_l20-3%_l21-3%_bk-4_rep-2_sender.log,/home/fyp1/Downloads/logs/fec_multi_l19-3%_l20-3%_l21-3%_bk-4_rep-2_receiver.log
162,fec,multi,30mbit,3%,30mbit,3%,30mbit,3%,4,3,0,0,13.42,140116610,83.52,68.45,,,,,77.44,1.33,96.78,,"gap at offset 10800, next packet offset is 12000",/home/fyp1/Downloads/logs/fec_multi_l19-3%_l20-3%_l21-3%_bk-4_rep-3_sender.log,/home/fyp1/Downloads/logs/fec_multi_l19-3%_l20-3%_l21-3%_bk-4_rep-3_receiver.log
163,tcp,multi,10mbit,3%,20mbit,3%,30mbit,3%,,1,0,0,39.7,116389364,23.46,23.46,116389364,116389364,,,,,,Yes,continuous,/home/fyp1/Downloads/logs/tcp_multi_l19-3%_l20-3%_l21-3%_bk-na_rep-1_sender.log,/home/fyp1/Downloads/logs/tcp_multi_l19-3%_l20-3%_l21-3%_bk-na_rep-1_receiver.log
164,tcp,multi,10mbit,3%,20mbit,3%,30mbit,3%,,2,0,0,37.61,116389364,24.76,24.76,116389364,116389364,,,,,,Yes,continuous,/home/fyp1/Downloads/logs/tcp_multi_l19-3%_l20-3%_l21-3%_bk-na_rep-2_sender.log,/home/fyp1/Downloads/logs/tcp_multi_l19-3%_l20-3%_l21-3%_bk-na_rep-2_receiver.log
165,tcp,multi,10mbit,3%,20mbit,3%,30mbit,3%,,3,0,0,38.88,116389364,23.95,23.95,116389364,116389364,,,,,,Yes,continuous,/home/fyp1/Downloads/logs/tcp_multi_l19-3%_l20-3%_l21-3%_bk-na_rep-3_sender.log,/home/fyp1/Downloads/logs/tcp_multi_l19-3%_l20-3%_l21-3%_bk-na_rep-3_receiver.log
166,udp,multi,10mbit,3%,20mbit,3%,30mbit,3%,,1,0,0,31.56,111210933,28.19,0.0,,3600,5610,5.784,,,,,"gap at offset 3600, next packet offset is 4800",/home/fyp1/Downloads/logs/udp_multi_l19-3%_l20-3%_l21-3%_bk-na_rep-1_sender.log,/home/fyp1/Downloads/logs/udp_multi_l19-3%_l20-3%_l21-3%_bk-na_rep-1_receiver.log
167,udp,multi,10mbit,3%,20mbit,3%,30mbit,3%,,2,0,0,31.56,110937094,28.12,0.0,,8400,5835,6.016,,,,,"gap at offset 8400, next packet offset is 9600",/home/fyp1/Downloads/logs/udp_multi_l19-3%_l20-3%_l21-3%_bk-na_rep-2_sender.log,/home/fyp1/Downloads/logs/udp_multi_l19-3%_l20-3%_l21-3%_bk-na_rep-2_receiver.log
168,udp,multi,10mbit,3%,20mbit,3%,30mbit,3%,,3,0,0,31.54,110984571,28.15,0.0,,6000,5796,5.9758,,,,,"gap at offset 6000, next packet offset is 7200",/home/fyp1/Downloads/logs/udp_multi_l19-3%_l20-3%_l21-3%_bk-na_rep-3_sender.log,/home/fyp1/Downloads/logs/udp_multi_l19-3%_l20-3%_l21-3%_bk-na_rep-3_receiver.log
169,fec,multi,10mbit,3%,20mbit,3%,30mbit,3%,4,1,0,0,39.98,140135030,28.04,22.98,,,,,77.72,1.32,96.84,,"gap at offset 12000, next packet offset is 13200",/home/fyp1/Downloads/logs/fec_multi_l19-3%_l20-3%_l21-3%_bk-4_rep-1_sender.log,/home/fyp1/Downloads/logs/fec_multi_l19-3%_l20-3%_l21-3%_bk-4_rep-1_receiver.log
170,fec,multi,10mbit,3%,20mbit,3%,30mbit,3%,4,2,0,0,40.0,139999924,28.0,22.97,,,,,78.25,1.3,96.87,,"gap at offset 1200, next packet offset is 3600",/home/fyp1/Downloads/logs/fec_multi_l19-3%_l20-3%_l21-3%_bk-4_rep-2_sender.log,/home/fyp1/Downloads/logs/fec_multi_l19-3%_l20-3%_l21-3%_bk-4_rep-2_receiver.log
171,fec,multi,10mbit,3%,20mbit,3%,30mbit,3%,4,3,0,0,39.92,139927472,28.04,23.02,,,,,78.69,1.29,96.84,,"gap at offset 393600, next packet offset is 394800",/home/fyp1/Downloads/logs/fec_multi_l19-3%_l20-3%_l21-3%_bk-4_rep-3_sender.log,/home/fyp1/Downloads/logs/fec_multi_l19-3%_l20-3%_l21-3%_bk-4_rep-3_receiver.log
172,tcp,multi,5mbit,3%,20mbit,3%,35mbit,3%,,1,0,0,71.65,116389364,13.0,13.0,116389364,116389364,,,,,,Yes,continuous,/home/fyp1/Downloads/logs/tcp_multi_l19-3%_l20-3%_l21-3%_bk-na_rep-1_sender.log,/home/fyp1/Downloads/logs/tcp_multi_l19-3%_l20-3%_l21-3%_bk-na_rep-1_receiver.log
173,tcp,multi,5mbit,3%,20mbit,3%,35mbit,3%,,2,0,0,71.63,116389364,13.0,13.0,116389364,116389364,,,,,,Yes,continuous,/home/fyp1/Downloads/logs/tcp_multi_l19-3%_l20-3%_l21-3%_bk-na_rep-2_sender.log,/home/fyp1/Downloads/logs/tcp_multi_l19-3%_l20-3%_l21-3%_bk-na_rep-2_receiver.log
174,tcp,multi,5mbit,3%,20mbit,3%,35mbit,3%,,3,0,0,72.35,116389364,12.87,12.87,116389364,116389364,,,,,,Yes,continuous,/home/fyp1/Downloads/logs/tcp_multi_l19-3%_l20-3%_l21-3%_bk-na_rep-3_sender.log,/home/fyp1/Downloads/logs/tcp_multi_l19-3%_l20-3%_l21-3%_bk-na_rep-3_receiver.log
175,udp,multi,5mbit,3%,20mbit,3%,35mbit,3%,,1,0,0,63.06,110933460,14.07,0.0,,25200,5838,6.0191,,,,,"gap at offset 25200, next packet offset is 26400",/home/fyp1/Downloads/logs/udp_multi_l19-3%_l20-3%_l21-3%_bk-na_rep-1_sender.log,/home/fyp1/Downloads/logs/udp_multi_l19-3%_l20-3%_l21-3%_bk-na_rep-1_receiver.log
176,udp,multi,5mbit,3%,20mbit,3%,35mbit,3%,,2,0,0,63.18,111027152,14.06,0.0,,6000,5761,5.9397,,,,,"gap at offset 6000, next packet offset is 7200",/home/fyp1/Downloads/logs/udp_multi_l19-3%_l20-3%_l21-3%_bk-na_rep-2_sender.log,/home/fyp1/Downloads/logs/udp_multi_l19-3%_l20-3%_l21-3%_bk-na_rep-2_receiver.log
177,udp,multi,5mbit,3%,20mbit,3%,35mbit,3%,,3,0,0,63.12,111145218,14.09,0.0,,2400,5664,5.8397,,,,,"gap at offset 2400, next packet offset is 3600",/home/fyp1/Downloads/logs/udp_multi_l19-3%_l20-3%_l21-3%_bk-na_rep-3_sender.log,/home/fyp1/Downloads/logs/udp_multi_l19-3%_l20-3%_l21-3%_bk-na_rep-3_receiver.log
178,fec,multi,5mbit,3%,20mbit,3%,35mbit,3%,4,1,0,0,79.67,139871004,14.05,11.52,,,,,76.62,1.41,96.57,,"gap at offset 67200, next packet offset is 68400",/home/fyp1/Downloads/logs/fec_multi_l19-3%_l20-3%_l21-3%_bk-4_rep-1_sender.log,/home/fyp1/Downloads/logs/fec_multi_l19-3%_l20-3%_l21-3%_bk-4_rep-1_receiver.log
179,fec,multi,5mbit,3%,20mbit,3%,35mbit,3%,4,2,0,0,79.74,140233221,14.07,11.53,,,,,79.07,1.22,97.09,,"gap at offset 259200, next packet offset is 260400",/home/fyp1/Downloads/logs/fec_multi_l19-3%_l20-3%_l21-3%_bk-4_rep-2_sender.log,/home/fyp1/Downloads/logs/fec_multi_l19-3%_l20-3%_l21-3%_bk-4_rep-2_receiver.log
180,fec,multi,5mbit,3%,20mbit,3%,35mbit,3%,4,3,0,0,79.64,139911528,14.05,11.53,,,,,77.75,1.34,96.75,,"gap at offset 76800, next packet offset is 78000",/home/fyp1/Downloads/logs/fec_multi_l19-3%_l20-3%_l21-3%_bk-4_rep-3_sender.log,/home/fyp1/Downloads/logs/fec_multi_l19-3%_l20-3%_l21-3%_bk-4_rep-3_receiver.log
181,tcp,multi,10mbit,3%,10mbit,3%,40mbit,3%,,1,0,0,41.38,116389364,22.5,22.5,116389364,116389364,,,,,,Yes,continuous,/home/fyp1/Downloads/logs/tcp_multi_l19-3%_l20-3%_l21-3%_bk-na_rep-1_sender.log,/home/fyp1/Downloads/logs/tcp_multi_l19-3%_l20-3%_l21-3%_bk-na_rep-1_receiver.log
182,tcp,multi,10mbit,3%,10mbit,3%,40mbit,3%,,2,0,0,39.29,116389364,23.7,23.7,116389364,116389364,,,,,,Yes,continuous,/home/fyp1/Downloads/logs/tcp_multi_l19-3%_l20-3%_l21-3%_bk-na_rep-2_sender.log,/home/fyp1/Downloads/logs/tcp_multi_l19-3%_l20-3%_l21-3%_bk-na_rep-2_receiver.log
183,tcp,multi,10mbit,3%,10mbit,3%,40mbit,3%,,3,0,0,42.31,116389364,22.01,22.01,116389364,116389364,,,,,,Yes,continuous,/home/fyp1/Downloads/logs/tcp_multi_l19-3%_l20-3%_l21-3%_bk-na_rep-3_sender.log,/home/fyp1/Downloads/logs/tcp_multi_l19-3%_l20-3%_l21-3%_bk-na_rep-3_receiver.log
184,udp,multi,10mbit,3%,10mbit,3%,40mbit,3%,,1,0,0,31.6,111184159,28.15,0.0,,8400,5632,5.8067,,,,,"gap at offset 8400, next packet offset is 9600",/home/fyp1/Downloads/logs/udp_multi_l19-3%_l20-3%_l21-3%_bk-na_rep-1_sender.log,/home/fyp1/Downloads/logs/udp_multi_l19-3%_l20-3%_l21-3%_bk-na_rep-1_receiver.log
185,udp,multi,10mbit,3%,10mbit,3%,40mbit,3%,,2,0,0,31.58,110987008,28.12,0.0,,3600,5794,5.9737,,,,,"gap at offset 3600, next packet offset is 4800",/home/fyp1/Downloads/logs/udp_multi_l19-3%_l20-3%_l21-3%_bk-na_rep-2_sender.log,/home/fyp1/Downloads/logs/udp_multi_l19-3%_l20-3%_l21-3%_bk-na_rep-2_receiver.log
186,udp,multi,10mbit,3%,10mbit,3%,40mbit,3%,,3,0,0,31.6,110969970,28.09,0.0,,9600,5808,5.9881,,,,,"gap at offset 9600, next packet offset is 10800",/home/fyp1/Downloads/logs/udp_multi_l19-3%_l20-3%_l21-3%_bk-na_rep-3_sender.log,/home/fyp1/Downloads/logs/udp_multi_l19-3%_l20-3%_l21-3%_bk-na_rep-3_receiver.log
187,fec,multi,10mbit,3%,10mbit,3%,40mbit,3%,4,1,0,0,39.94,140100577,28.06,23.02,,,,,78.79,1.25,96.95,,"gap at offset 158400, next packet offset is 159600",/home/fyp1/Downloads/logs/fec_multi_l19-3%_l20-3%_l21-3%_bk-4_rep-1_sender.log,/home/fyp1/Downloads/logs/fec_multi_l19-3%_l20-3%_l21-3%_bk-4_rep-1_receiver.log
188,fec,multi,10mbit,3%,10mbit,3%,40mbit,3%,4,2,0,0,39.99,140266403,28.06,22.99,,,,,78.19,1.26,96.99,,"gap at offset 126000, next packet offset is 127200",/home/fyp1/Downloads/logs/fec_multi_l19-3%_l20-3%_l21-3%_bk-4_rep-2_sender.log,/home/fyp1/Downloads/logs/fec_multi_l19-3%_l20-3%_l21-3%_bk-4_rep-2_receiver.log
189,fec,multi,10mbit,3%,10mbit,3%,40mbit,3%,4,3,0,0,39.95,139977843,28.03,23.01,,,,,78.73,1.27,96.91,,"gap at offset 130800, next packet offset is 132000",/home/fyp1/Downloads/logs/fec_multi_l19-3%_l20-3%_l21-3%_bk-4_rep-3_sender.log,/home/fyp1/Downloads/logs/fec_multi_l19-3%_l20-3%_l21-3%_bk-4_rep-3_receiver.log
190,tcp,multi,20mbit,0%,20mbit,3%,20mbit,5%,,1,0,0,73.86,116389364,12.61,12.61,116389364,116389364,,,,,,Yes,continuous,/home/fyp1/Downloads/logs/tcp_multi_l19-0%_l20-3%_l21-5%_bk-na_rep-1_sender.log,/home/fyp1/Downloads/logs/tcp_multi_l19-0%_l20-3%_l21-5%_bk-na_rep-1_receiver.log
191,tcp,multi,20mbit,0%,20mbit,3%,20mbit,5%,,2,0,0,71.95,116389364,12.94,12.94,116389364,116389364,,,,,,Yes,continuous,/home/fyp1/Downloads/logs/tcp_multi_l19-0%_l20-3%_l21-5%_bk-na_rep-2_sender.log,/home/fyp1/Downloads/logs/tcp_multi_l19-0%_l20-3%_l21-5%_bk-na_rep-2_receiver.log
192,tcp,multi,20mbit,0%,20mbit,3%,20mbit,5%,,3,0,0,71.52,116389364,13.02,13.02,116389364,116389364,,,,,,Yes,continuous,/home/fyp1/Downloads/logs/tcp_multi_l19-0%_l20-3%_l21-5%_bk-na_rep-3_sender.log,/home/fyp1/Downloads/logs/tcp_multi_l19-0%_l20-3%_l21-5%_bk-na_rep-3_receiver.log
193,udp,multi,20mbit,0%,20mbit,3%,20mbit,5%,,1,0,0,16.27,111897321,55.03,0.0,,4800,5046,5.2025,,,,,"gap at offset 4800, next packet offset is 6000",/home/fyp1/Downloads/logs/udp_multi_l19-0%_l20-3%_l21-5%_bk-na_rep-1_sender.log,/home/fyp1/Downloads/logs/udp_multi_l19-0%_l20-3%_l21-5%_bk-na_rep-1_receiver.log
194,udp,multi,20mbit,0%,20mbit,3%,20mbit,5%,,2,0,0,16.27,111860811,55.01,0.0,,2400,5076,5.2334,,,,,"gap at offset 2400, next packet offset is 3600",/home/fyp1/Downloads/logs/udp_multi_l19-0%_l20-3%_l21-5%_bk-na_rep-2_sender.log,/home/fyp1/Downloads/logs/udp_multi_l19-0%_l20-3%_l21-5%_bk-na_rep-2_receiver.log
195,udp,multi,20mbit,0%,20mbit,3%,20mbit,5%,,3,0,0,16.27,111949655,55.05,0.01,,19200,5003,5.1582,,,,,"gap at offset 19200, next packet offset is 21600",/home/fyp1/Downloads/logs/udp_multi_l19-0%_l20-3%_l21-5%_bk-na_rep-3_sender.log,/home/fyp1/Downloads/logs/udp_multi_l19-0%_l20-3%_l21-5%_bk-na_rep-3_receiver.log
196,fec,multi,20mbit,0%,20mbit,3%,20mbit,5%,4,1,0,0,20.67,141154270,54.63,44.66,,,,,83.47,0.86,97.8,,"gap at offset 165600, next packet offset is 168000",/home/fyp1/Downloads/logs/fec_multi_l19-0%_l20-3%_l21-5%_bk-4_rep-1_sender.log,/home/fyp1/Downloads/logs/fec_multi_l19-0%_l20-3%_l21-5%_bk-4_rep-1_receiver.log
197,fec,multi,20mbit,0%,20mbit,3%,20mbit,5%,4,2,0,0,20.67,140986008,54.56,44.64,,,,,82.69,0.91,97.74,,"gap at offset 9600, next packet offset is 10800",/home/fyp1/Downloads/logs/fec_multi_l19-0%_l20-3%_l21-5%_bk-4_rep-2_sender.log,/home/fyp1/Downloads/logs/fec_multi_l19-0%_l20-3%_l21-5%_bk-4_rep-2_receiver.log
198,fec,multi,20mbit,0%,20mbit,3%,20mbit,5%,4,3,0,0,20.67,141192315,54.65,44.63,,,,,82.23,0.91,97.76,,"gap at offset 9600, next packet offset is 12000",/home/fyp1/Downloads/logs/fec_multi_l19-0%_l20-3%_l21-5%_bk-4_rep-3_sender.log,/home/fyp1/Downloads/logs/fec_multi_l19-0%_l20-3%_l21-5%_bk-4_rep-3_receiver.log
199,tcp,multi,20mbit,1%,20mbit,3%,20mbit,5%,,1,0,0,63.46,116389364,14.67,14.67,116389364,116389364,,,,,,Yes,continuous,/home/fyp1/Downloads/logs/tcp_multi_l19-1%_l20-3%_l21-5%_bk-na_rep-1_sender.log,/home/fyp1/Downloads/logs/tcp_multi_l19-1%_l20-3%_l21-5%_bk-na_rep-1_receiver.log
200,tcp,multi,20mbit,1%,20mbit,3%,20mbit,5%,,2,0,0,70.82,116389364,13.15,13.15,116389364,116389364,,,,,,Yes,continuous,/home/fyp1/Downloads/logs/tcp_multi_l19-1%_l20-3%_l21-5%_bk-na_rep-2_sender.log,/home/fyp1/Downloads/logs/tcp_multi_l19-1%_l20-3%_l21-5%_bk-na_rep-2_receiver.log
201,tcp,multi,20mbit,1%,20mbit,3%,20mbit,5%,,3,0,0,64.28,116389364,14.48,14.48,116389364,116389364,,,,,,Yes,continuous,/home/fyp1/Downloads/logs/tcp_multi_l19-1%_l20-3%_l21-5%_bk-na_rep-3_sender.log,/home/fyp1/Downloads/logs/tcp_multi_l19-1%_l20-3%_l21-5%_bk-na_rep-3_receiver.log
202,udp,multi,20mbit,1%,20mbit,3%,20mbit,5%,,1,0,0,16.11,111052726,55.13,0.0,,2400,5740,5.918,,,,,"gap at offset 2400, next packet offset is 3600",/home/fyp1/Downloads/logs/udp_multi_l19-1%_l20-3%_l21-5%_bk-na_rep-1_sender.log,/home/fyp1/Downloads/logs/udp_multi_l19-1%_l20-3%_l21-5%_bk-na_rep-1_receiver.log
203,udp,multi,20mbit,1%,20mbit,3%,20mbit,5%,,2,0,0,16.1,111127979,55.22,0.02,,33600,5679,5.8551,,,,,"gap at offset 33600, next packet offset is 34800",/home/fyp1/Downloads/logs/udp_multi_l19-1%_l20-3%_l21-5%_bk-na_rep-2_sender.log,/home/fyp1/Downloads/logs/udp_multi_l19-1%_l20-3%_l21-5%_bk-na_rep-2_receiver.log
204,udp,multi,20mbit,1%,20mbit,3%,20mbit,5%,,3,0,0,16.11,111184162,55.2,0.01,,26400,5632,5.8067,,,,,"gap at offset 26400, next packet offset is 27600",/home/fyp1/Downloads/logs/udp_multi_l19-1%_l20-3%_l21-5%_bk-na_rep-3_sender.log,/home/fyp1/Downloads/logs/udp_multi_l19-1%_l20-3%_l21-5%_bk-na_rep-3_receiver.log
205,fec,multi,20mbit,1%,20mbit,3%,20mbit,5%,4,1,0,0,20.47,140142369,54.77,44.94,,,,,79.61,1.2,97.07,,"gap at offset 108000, next packet offset is 110400",/home/fyp1/Downloads/logs/fec_multi_l19-1%_l20-3%_l21-5%_bk-4_rep-1_sender.log,/home/fyp1/Downloads/logs/fec_multi_l19-1%_l20-3%_l21-5%_bk-4_rep-1_receiver.log
206,fec,multi,20mbit,1%,20mbit,3%,20mbit,5%,4,2,0,0,20.44,140244322,54.89,45.04,,,,,80.58,1.12,97.27,,"gap at offset 36000, next packet offset is 37200",/home/fyp1/Downloads/logs/fec_multi_l19-1%_l20-3%_l21-5%_bk-4_rep-2_sender.log,/home/fyp1/Downloads/logs/fec_multi_l19-1%_l20-3%_l21-5%_bk-4_rep-2_receiver.log
207,fec,multi,20mbit,1%,20mbit,3%,20mbit,5%,4,3,0,0,20.45,140192743,54.84,44.97,,,,,78.92,1.23,97.01,,"gap at offset 37200, next packet offset is 38400",/home/fyp1/Downloads/logs/fec_multi_l19-1%_l20-3%_l21-5%_bk-4_rep-3_sender.log,/home/fyp1/Downloads/logs/fec_multi_l19-1%_l20-3%_l21-5%_bk-4_rep-3_receiver.log
208,tcp,multi,20mbit,0%,20mbit,1%,20mbit,10%,,1,0,0,344.03,116389364,2.71,2.71,116389364,116389364,,,,,,Yes,continuous,/home/fyp1/Downloads/logs/tcp_multi_l19-0%_l20-1%_l21-10%_bk-na_rep-1_sender.log,/home/fyp1/Downloads/logs/tcp_multi_l19-0%_l20-1%_l21-10%_bk-na_rep-1_receiver.log
209,tcp,multi,20mbit,0%,20mbit,1%,20mbit,10%,,2,0,0,350.65,116389364,2.66,2.66,116389364,116389364,,,,,,Yes,continuous,/home/fyp1/Downloads/logs/tcp_multi_l19-0%_l20-1%_l21-10%_bk-na_rep-2_sender.log,/home/fyp1/Downloads/logs/tcp_multi_l19-0%_l20-1%_l21-10%_bk-na_rep-2_receiver.log
210,tcp,multi,20mbit,0%,20mbit,1%,20mbit,10%,,3,0,0,339.42,116389364,2.74,2.74,116389364,116389364,,,,,,Yes,continuous,/home/fyp1/Downloads/logs/tcp_multi_l19-0%_l20-1%_l21-10%_bk-na_rep-3_sender.log,/home/fyp1/Downloads/logs/tcp_multi_l19-0%_l20-1%_l21-10%_bk-na_rep-3_receiver.log
211,udp,multi,20mbit,0%,20mbit,1%,20mbit,10%,,1,0,0,16.27,109795562,53.99,0.0,,6000,6773,6.9831,,,,,"gap at offset 6000, next packet offset is 7200",/home/fyp1/Downloads/logs/udp_multi_l19-0%_l20-1%_l21-10%_bk-na_rep-1_sender.log,/home/fyp1/Downloads/logs/udp_multi_l19-0%_l20-1%_l21-10%_bk-na_rep-1_receiver.log
212,udp,multi,20mbit,0%,20mbit,1%,20mbit,10%,,2,0,0,16.27,109892925,54.04,0.0,,6000,6693,6.9006,,,,,"gap at offset 6000, next packet offset is 7200",/home/fyp1/Downloads/logs/udp_multi_l19-0%_l20-1%_l21-10%_bk-na_rep-2_sender.log,/home/fyp1/Downloads/logs/udp_multi_l19-0%_l20-1%_l21-10%_bk-na_rep-2_receiver.log
213,udp,multi,20mbit,0%,20mbit,1%,20mbit,10%,,3,0,0,16.27,109709155,53.95,0.0,,6000,6844,7.0563,,,,,"gap at offset 6000, next packet offset is 7200",/home/fyp1/Downloads/logs/udp_multi_l19-0%_l20-1%_l21-10%_bk-na_rep-3_sender.log,/home/fyp1/Downloads/logs/udp_multi_l19-0%_l20-1%_l21-10%_bk-na_rep-3_receiver.log
214,fec,multi,20mbit,0%,20mbit,1%,20mbit,10%,4,1,0,0,20.67,138351948,53.55,44.45,,,,,81.51,1.32,96.63,,"gap at offset 595200, next packet offset is 596400",/home/fyp1/Downloads/logs/fec_multi_l19-0%_l20-1%_l21-10%_bk-4_rep-1_sender.log,/home/fyp1/Downloads/logs/fec_multi_l19-0%_l20-1%_l21-10%_bk-4_rep-1_receiver.log
215,fec,multi,20mbit,0%,20mbit,1%,20mbit,10%,4,2,0,0,20.67,138393674,53.56,44.46,,,,,81.41,1.31,96.59,,"gap at offset 10800, next packet offset is 12000",/home/fyp1/Downloads/logs/fec_multi_l19-0%_l20-1%_l21-10%_bk-4_rep-2_sender.log,/home/fyp1/Downloads/logs/fec_multi_l19-0%_l20-1%_l21-10%_bk-4_rep-2_receiver.log
216,fec,multi,20mbit,0%,20mbit,1%,20mbit,10%,4,3,0,0,20.67,138608600,53.65,44.5,,,,,82.39,1.22,96.8,,"gap at offset 33600, next packet offset is 34800",/home/fyp1/Downloads/logs/fec_multi_l19-0%_l20-1%_l21-10%_bk-4_rep-3_sender.log,/home/fyp1/Downloads/logs/fec_multi_l19-0%_l20-1%_l21-10%_bk-4_rep-3_receiver.log
217,fec,single,20mbit,3%,20mbit,3%,20mbit,3%,2,1,0,0,71.74,168214218,18.76,12.9,,,,,89.03,0.64,99.05,,"gap at offset 662400, next packet offset is 663600",/home/fyp1/Downloads/logs/fec_single_l19-3%_l20-3%_l21-3%_bk-2_rep-1_sender.log,/home/fyp1/Downloads/logs/fec_single_l19-3%_l20-3%_l21-3%_bk-2_rep-1_receiver.log
218,fec,single,20mbit,3%,20mbit,3%,20mbit,3%,2,2,0,0,71.8,168340679,18.76,12.89,,,,,89.36,0.61,99.09,,"gap at offset 130800, next packet offset is 132000",/home/fyp1/Downloads/logs/fec_single_l19-3%_l20-3%_l21-3%_bk-2_rep-2_sender.log,/home/fyp1/Downloads/logs/fec_single_l19-3%_l20-3%_l21-3%_bk-2_rep-2_receiver.log
219,fec,single,20mbit,3%,20mbit,3%,20mbit,3%,2,3,0,0,71.76,168092623,18.74,12.89,,,,,88.34,0.69,98.98,,"gap at offset 205200, next packet offset is 207600",/home/fyp1/Downloads/logs/fec_single_l19-3%_l20-3%_l21-3%_bk-2_rep-3_sender.log,/home/fyp1/Downloads/logs/fec_single_l19-3%_l20-3%_l21-3%_bk-2_rep-3_receiver.log
220,fec,single,20mbit,3%,20mbit,3%,20mbit,3%,4,1,0,0,59.76,140016859,18.74,15.38,,,,,78.61,1.27,96.95,,"gap at offset 57600, next packet offset is 60000",/home/fyp1/Downloads/logs/fec_single_l19-3%_l20-3%_l21-3%_bk-4_rep-1_sender.log,/home/fyp1/Downloads/logs/fec_single_l19-3%_l20-3%_l21-3%_bk-4_rep-1_receiver.log
221,fec,single,20mbit,3%,20mbit,3%,20mbit,3%,4,2,0,0,59.77,140000918,18.74,15.37,,,,,77.69,1.32,96.82,,"gap at offset 134400, next packet offset is 135600",/home/fyp1/Downloads/logs/fec_single_l19-3%_l20-3%_l21-3%_bk-4_rep-2_sender.log,/home/fyp1/Downloads/logs/fec_single_l19-3%_l20-3%_l21-3%_bk-4_rep-2_receiver.log
222,fec,single,20mbit,3%,20mbit,3%,20mbit,3%,4,3,0,0,59.78,140091738,18.75,15.38,,,,,78.63,1.27,96.93,,"gap at offset 446400, next packet offset is 447600",/home/fyp1/Downloads/logs/fec_single_l19-3%_l20-3%_l21-3%_bk-4_rep-3_sender.log,/home/fyp1/Downloads/logs/fec_single_l19-3%_l20-3%_l21-3%_bk-4_rep-3_receiver.log
223,fec,single,20mbit,3%,20mbit,3%,20mbit,3%,8,1,0,0,53.81,126007858,18.73,16.9,,,,,60.8,2.35,90.28,,"gap at offset 2400, next packet offset is 3600",/home/fyp1/Downloads/logs/fec_single_l19-3%_l20-3%_l21-3%_bk-8_rep-1_sender.log,/home/fyp1/Downloads/logs/fec_single_l19-3%_l20-3%_l21-3%_bk-8_rep-1_receiver.log
224,fec,single,20mbit,3%,20mbit,3%,20mbit,3%,8,2,0,0,53.83,126136775,18.75,16.92,,,,,62.32,2.2,90.75,,"gap at offset 21600, next packet offset is 22800",/home/fyp1/Downloads/logs/fec_single_l19-3%_l20-3%_l21-3%_bk-8_rep-2_sender.log,/home/fyp1/Downloads/logs/fec_single_l19-3%_l20-3%_l21-3%_bk-8_rep-2_receiver.log
225,fec,single,20mbit,3%,20mbit,3%,20mbit,3%,8,3,0,0,53.82,126119583,18.75,16.92,,,,,62.2,2.22,90.65,,"gap at offset 38400, next packet offset is 39600",/home/fyp1/Downloads/logs/fec_single_l19-3%_l20-3%_l21-3%_bk-8_rep-3_sender.log,/home/fyp1/Downloads/logs/fec_single_l19-3%_l20-3%_l21-3%_bk-8_rep-3_receiver.log
226,fec,multi,20mbit,3%,20mbit,3%,20mbit,3%,2,1,0,0,24.06,168279539,55.95,38.44,,,,,88.3,0.68,98.98,,"gap at offset 576000, next packet offset is 577200",/home/fyp1/Downloads/logs/fec_multi_l19-3%_l20-3%_l21-3%_bk-2_rep-1_sender.log,/home/fyp1/Downloads/logs/fec_multi_l19-3%_l20-3%_l21-3%_bk-2_rep-1_receiver.log
227,fec,multi,20mbit,3%,20mbit,3%,20mbit,3%,2,2,0,0,24.06,168161651,55.92,38.44,,,,,88.63,0.67,98.96,,"gap at offset 205200, next packet offset is 206400",/home/fyp1/Downloads/logs/fec_multi_l19-3%_l20-3%_l21-3%_bk-2_rep-2_sender.log,/home/fyp1/Downloads/logs/fec_multi_l19-3%_l20-3%_l21-3%_bk-2_rep-2_receiver.log
228,fec,multi,20mbit,3%,20mbit,3%,20mbit,3%,2,3,0,0,24.05,168090378,55.91,38.45,,,,,88.23,0.69,98.97,,"gap at offset 398400, next packet offset is 399600",/home/fyp1/Downloads/logs/fec_multi_l19-3%_l20-3%_l21-3%_bk-2_rep-3_sender.log,/home/fyp1/Downloads/logs/fec_multi_l19-3%_l20-3%_l21-3%_bk-2_rep-3_receiver.log
229,fec,multi,20mbit,3%,20mbit,3%,20mbit,3%,4,1,0,0,20.08,140158359,55.83,45.75,,,,,77.49,1.32,96.84,,"gap at offset 24000, next packet offset is 25200",/home/fyp1/Downloads/logs/fec_multi_l19-3%_l20-3%_l21-3%_bk-4_rep-1_sender.log,/home/fyp1/Downloads/logs/fec_multi_l19-3%_l20-3%_l21-3%_bk-4_rep-1_receiver.log
230,fec,multi,20mbit,3%,20mbit,3%,20mbit,3%,4,2,0,0,20.06,140155880,55.91,45.86,,,,,79.23,1.21,97.04,,"gap at offset 33600, next packet offset is 34800",/home/fyp1/Downloads/logs/fec_multi_l19-3%_l20-3%_l21-3%_bk-4_rep-2_sender.log,/home/fyp1/Downloads/logs/fec_multi_l19-3%_l20-3%_l21-3%_bk-4_rep-2_receiver.log
231,fec,multi,20mbit,3%,20mbit,3%,20mbit,3%,4,3,0,0,20.05,140083402,55.9,45.82,,,,,77.06,1.35,96.76,,"gap at offset 331200, next packet offset is 332400",/home/fyp1/Downloads/logs/fec_multi_l19-3%_l20-3%_l21-3%_bk-4_rep-3_sender.log,/home/fyp1/Downloads/logs/fec_multi_l19-3%_l20-3%_l21-3%_bk-4_rep-3_receiver.log
232,fec,multi,20mbit,3%,20mbit,3%,20mbit,3%,8,1,0,0,18.07,126048427,55.81,50.34,,,,,60.64,2.32,90.34,,"gap at offset 67200, next packet offset is 68400",/home/fyp1/Downloads/logs/fec_multi_l19-3%_l20-3%_l21-3%_bk-8_rep-1_sender.log,/home/fyp1/Downloads/logs/fec_multi_l19-3%_l20-3%_l21-3%_bk-8_rep-1_receiver.log
233,fec,multi,20mbit,3%,20mbit,3%,20mbit,3%,8,2,0,0,18.11,126107586,55.72,50.26,,,,,61.11,2.28,90.51,,"gap at offset 21600, next packet offset is 22800",/home/fyp1/Downloads/logs/fec_multi_l19-3%_l20-3%_l21-3%_bk-8_rep-2_sender.log,/home/fyp1/Downloads/logs/fec_multi_l19-3%_l20-3%_l21-3%_bk-8_rep-2_receiver.log
234,fec,multi,20mbit,3%,20mbit,3%,20mbit,3%,8,3,0,0,18.07,126004431,55.79,50.3,,,,,59.89,2.39,90.0,,"gap at offset 14400, next packet offset is 15600",/home/fyp1/Downloads/logs/fec_multi_l19-3%_l20-3%_l21-3%_bk-8_rep-3_sender.log,/home/fyp1/Downloads/logs/fec_multi_l19-3%_l20-3%_l21-3%_bk-8_rep-3_receiver.log
235,fec,single,20mbit,5%,20mbit,5%,20mbit,5%,2,1,0,0,70.19,161041470,18.35,13.02,,,,,80.9,1.87,97.25,,"gap at offset 0, next packet offset is 1200",/home/fyp1/Downloads/logs/fec_single_l19-5%_l20-5%_l21-5%_bk-2_rep-1_sender.log,/home/fyp1/Downloads/logs/fec_single_l19-5%_l20-5%_l21-5%_bk-2_rep-1_receiver.log
236,fec,single,20mbit,5%,20mbit,5%,20mbit,5%,2,2,0,0,70.24,161118828,18.35,13.02,,,,,81.51,1.82,97.29,,"gap at offset 56400, next packet offset is 58800",/home/fyp1/Downloads/logs/fec_single_l19-5%_l20-5%_l21-5%_bk-2_rep-2_sender.log,/home/fyp1/Downloads/logs/fec_single_l19-5%_l20-5%_l21-5%_bk-2_rep-2_receiver.log
237,fec,single,20mbit,5%,20mbit,5%,20mbit,5%,2,3,0,0,70.27,161228097,18.36,13.0,,,,,80.83,1.87,97.25,,"gap at offset 133200, next packet offset is 134400",/home/fyp1/Downloads/logs/fec_single_l19-5%_l20-5%_l21-5%_bk-2_rep-3_sender.log,/home/fyp1/Downloads/logs/fec_single_l19-5%_l20-5%_l21-5%_bk-2_rep-3_receiver.log
238,fec,single,20mbit,5%,20mbit,5%,20mbit,5%,4,1,0,0,58.54,134330014,18.36,15.38,,,,,65.95,3.31,92.08,,"gap at offset 20400, next packet offset is 21600",/home/fyp1/Downloads/logs/fec_single_l19-5%_l20-5%_l21-5%_bk-4_rep-1_sender.log,/home/fyp1/Downloads/logs/fec_single_l19-5%_l20-5%_l21-5%_bk-4_rep-1_receiver.log
239,fec,single,20mbit,5%,20mbit,5%,20mbit,5%,4,2,0,0,58.58,134417004,18.36,15.37,,,,,66.11,3.29,92.24,,"gap at offset 30000, next packet offset is 31200",/home/fyp1/Downloads/logs/fec_single_l19-5%_l20-5%_l21-5%_bk-4_rep-2_sender.log,/home/fyp1/Downloads/logs/fec_single_l19-5%_l20-5%_l21-5%_bk-4_rep-2_receiver.log
240,fec,single,20mbit,5%,20mbit,5%,20mbit,5%,4,3,0,0,58.52,134350881,18.37,15.39,,,,,66.49,3.27,92.25,,"gap at offset 6000, next packet offset is 8400",/home/fyp1/Downloads/logs/fec_single_l19-5%_l20-5%_l21-5%_bk-4_rep-3_sender.log,/home/fyp1/Downloads/logs/fec_single_l19-5%_l20-5%_l21-5%_bk-4_rep-3_receiver.log
241,fec,single,20mbit,5%,20mbit,5%,20mbit,5%,8,1,0,0,52.67,120909007,18.37,16.7,,,,,43.36,5.51,78.19,,"gap at offset 25200, next packet offset is 28800",/home/fyp1/Downloads/logs/fec_single_l19-5%_l20-5%_l21-5%_bk-8_rep-1_sender.log,/home/fyp1/Downloads/logs/fec_single_l19-5%_l20-5%_l21-5%_bk-8_rep-1_receiver.log
242,fec,single,20mbit,5%,20mbit,5%,20mbit,5%,8,2,0,0,52.67,120873398,18.36,16.71,,,,,44.35,5.47,78.63,,"gap at offset 20400, next packet offset is 21600",/home/fyp1/Downloads/logs/fec_single_l19-5%_l20-5%_l21-5%_bk-8_rep-2_sender.log,/home/fyp1/Downloads/logs/fec_single_l19-5%_l20-5%_l21-5%_bk-8_rep-2_receiver.log
243,fec,single,20mbit,5%,20mbit,5%,20mbit,5%,8,3,0,0,52.67,121084783,18.39,16.72,,,,,43.95,5.42,78.6,,"gap at offset 111600, next packet offset is 114000",/home/fyp1/Downloads/logs/fec_single_l19-5%_l20-5%_l21-5%_bk-8_rep-3_sender.log,/home/fyp1/Downloads/logs/fec_single_l19-5%_l20-5%_l21-5%_bk-8_rep-3_receiver.log
244,fec,multi,20mbit,5%,20mbit,5%,20mbit,5%,2,1,0,0,23.6,161304516,54.69,38.76,,,,,82.04,1.76,97.42,,"gap at offset 37200, next packet offset is 38400",/home/fyp1/Downloads/logs/fec_multi_l19-5%_l20-5%_l21-5%_bk-2_rep-1_sender.log,/home/fyp1/Downloads/logs/fec_multi_l19-5%_l20-5%_l21-5%_bk-2_rep-1_receiver.log
245,fec,multi,20mbit,5%,20mbit,5%,20mbit,5%,2,2,0,0,23.55,161040450,54.71,38.8,,,,,81.08,1.88,97.22,,"gap at offset 57600, next packet offset is 60000",/home/fyp1/Downloads/logs/fec_multi_l19-5%_l20-5%_l21-5%_bk-2_rep-2_sender.log,/home/fyp1/Downloads/logs/fec_multi_l19-5%_l20-5%_l21-5%_bk-2_rep-2_receiver.log
246,fec,multi,20mbit,5%,20mbit,5%,20mbit,5%,2,3,0,0,23.54,161094485,54.74,38.82,,,,,81.2,1.85,97.24,,"gap at offset 98400, next packet offset is 99600",/home/fyp1/Downloads/logs/fec_multi_l19-5%_l20-5%_l21-5%_bk-2_rep-3_sender.log,/home/fyp1/Downloads/logs/fec_multi_l19-5%_l20-5%_l21-5%_bk-2_rep-3_receiver.log
247,fec,multi,20mbit,5%,20mbit,5%,20mbit,5%,4,1,0,0,19.67,134647049,54.76,45.83,,,,,66.81,3.17,92.4,,"gap at offset 49200, next packet offset is 50400",/home/fyp1/Downloads/logs/fec_multi_l19-5%_l20-5%_l21-5%_bk-4_rep-1_sender.log,/home/fyp1/Downloads/logs/fec_multi_l19-5%_l20-5%_l21-5%_bk-4_rep-1_receiver.log
248,fec,multi,20mbit,5%,20mbit,5%,20mbit,5%,4,2,0,0,19.68,134513246,54.68,45.81,,,,,66.82,3.19,92.42,,"gap at offset 36000, next packet offset is 37200",/home/fyp1/Downloads/logs/fec_multi_l19-5%_l20-5%_l21-5%_bk-4_rep-2_sender.log,/home/fyp1/Downloads/logs/fec_multi_l19-5%_l20-5%_l21-5%_bk-4_rep-2_receiver.log
249,fec,multi,20mbit,5%,20mbit,5%,20mbit,5%,4,3,0,0,19.68,134349864,54.62,45.72,,,,,65.1,3.39,92.0,,"gap at offset 1200, next packet offset is 2400",/home/fyp1/Downloads/logs/fec_multi_l19-5%_l20-5%_l21-5%_bk-4_rep-3_sender.log,/home/fyp1/Downloads/logs/fec_multi_l19-5%_l20-5%_l21-5%_bk-4_rep-3_receiver.log
250,fec,multi,20mbit,5%,20mbit,5%,20mbit,5%,8,1,0,0,17.72,121122942,54.69,49.77,,,,,44.52,5.29,78.84,,"gap at offset 4800, next packet offset is 6000",/home/fyp1/Downloads/logs/fec_multi_l19-5%_l20-5%_l21-5%_bk-8_rep-1_sender.log,/home/fyp1/Downloads/logs/fec_multi_l19-5%_l20-5%_l21-5%_bk-8_rep-1_receiver.log
251,fec,multi,20mbit,5%,20mbit,5%,20mbit,5%,8,2,0,0,17.69,121019979,54.72,49.78,,,,,44.1,5.4,78.59,,"gap at offset 2400, next packet offset is 3600",/home/fyp1/Downloads/logs/fec_multi_l19-5%_l20-5%_l21-5%_bk-8_rep-2_sender.log,/home/fyp1/Downloads/logs/fec_multi_l19-5%_l20-5%_l21-5%_bk-8_rep-2_receiver.log
252,fec,multi,20mbit,5%,20mbit,5%,20mbit,5%,8,3,0,0,17.67,120672409,54.62,49.69,,,,,42.77,5.68,77.52,,"gap at offset 42000, next packet offset is 44400",/home/fyp1/Downloads/logs/fec_multi_l19-5%_l20-5%_l21-5%_bk-8_rep-3_sender.log,/home/fyp1/Downloads/logs/fec_multi_l19-5%_l20-5%_l21-5%_bk-8_rep-3_receiver.log
253,fec,multi,50mbit,3%,50mbit,3%,50mbit,3%,2,1,0,0,9.72,167222254,137.63,94.83,,,,,84.07,1.0,98.52,,"gap at offset 736800, next packet offset is 739200",/home/fyp1/Downloads/logs/fec_multi_l19-3%_l20-3%_l21-3%_bk-2_rep-1_sender.log,/home/fyp1/Downloads/logs/fec_multi_l19-3%_l20-3%_l21-3%_bk-2_rep-1_receiver.log
254,fec,multi,50mbit,3%,50mbit,3%,50mbit,3%,2,2,0,0,9.71,167918527,138.37,95.2,,,,,87.79,0.74,98.9,,"gap at offset 656400, next packet offset is 657600",/home/fyp1/Downloads/logs/fec_multi_l19-3%_l20-3%_l21-3%_bk-2_rep-2_sender.log,/home/fyp1/Downloads/logs/fec_multi_l19-3%_l20-3%_l21-3%_bk-2_rep-2_receiver.log
255,fec,multi,50mbit,3%,50mbit,3%,50mbit,3%,2,3,0,0,9.71,167761297,138.21,95.04,,,,,85.59,0.88,98.8,,"gap at offset 16800, next packet offset is 18000",/home/fyp1/Downloads/logs/fec_multi_l19-3%_l20-3%_l21-3%_bk-2_rep-3_sender.log,/home/fyp1/Downloads/logs/fec_multi_l19-3%_l20-3%_l21-3%_bk-2_rep-3_receiver.log
256,fec,multi,50mbit,3%,50mbit,3%,50mbit,3%,4,1,0,0,8.1,139886893,138.14,113.31,,,,,76.61,1.41,96.61,,"gap at offset 4800, next packet offset is 6000",/home/fyp1/Downloads/logs/fec_multi_l19-3%_l20-3%_l21-3%_bk-4_rep-1_sender.log,/home/fyp1/Downloads/logs/fec_multi_l19-3%_l20-3%_l21-3%_bk-4_rep-1_receiver.log
257,fec,multi,50mbit,3%,50mbit,3%,50mbit,3%,4,2,0,0,8.11,140069937,138.13,113.29,,,,,78.08,1.3,96.91,,"gap at offset 230400, next packet offset is 231600",/home/fyp1/Downloads/logs/fec_multi_l19-3%_l20-3%_l21-3%_bk-4_rep-2_sender.log,/home/fyp1/Downloads/logs/fec_multi_l19-3%_l20-3%_l21-3%_bk-4_rep-2_receiver.log
258,fec,multi,50mbit,3%,50mbit,3%,50mbit,3%,4,3,0,0,8.11,139852584,138.0,113.26,,,,,77.17,1.38,96.64,,"gap at offset 240000, next packet offset is 242400",/home/fyp1/Downloads/logs/fec_multi_l19-3%_l20-3%_l21-3%_bk-4_rep-3_sender.log,/home/fyp1/Downloads/logs/fec_multi_l19-3%_l20-3%_l21-3%_bk-4_rep-3_receiver.log
259,fec,multi,50mbit,3%,50mbit,3%,50mbit,3%,8,1,0,0,7.3,125929480,137.93,124.56,,,,,61.86,2.3,90.43,,"gap at offset 80400, next packet offset is 84000",/home/fyp1/Downloads/logs/fec_multi_l19-3%_l20-3%_l21-3%_bk-8_rep-1_sender.log,/home/fyp1/Downloads/logs/fec_multi_l19-3%_l20-3%_l21-3%_bk-8_rep-1_receiver.log
260,fec,multi,50mbit,3%,50mbit,3%,50mbit,3%,8,2,0,0,7.32,126055786,137.81,124.38,,,,,61.99,2.25,90.51,,"gap at offset 21600, next packet offset is 22800",/home/fyp1/Downloads/logs/fec_multi_l19-3%_l20-3%_l21-3%_bk-8_rep-2_sender.log,/home/fyp1/Downloads/logs/fec_multi_l19-3%_l20-3%_l21-3%_bk-8_rep-2_receiver.log
261,fec,multi,50mbit,3%,50mbit,3%,50mbit,3%,8,3,0,0,7.32,125956519,137.65,124.3,,,,,61.8,2.28,90.39,,"gap at offset 12000, next packet offset is 13200",/home/fyp1/Downloads/logs/fec_multi_l19-3%_l20-3%_l21-3%_bk-8_rep-3_sender.log,/home/fyp1/Downloads/logs/fec_multi_l19-3%_l20-3%_l21-3%_bk-8_rep-3_receiver.log
